Este,Norte,Cota,Rec_Peso_PND25_(%),Rec_Peso_PND25_(%)_nscore,cluster_con_nscore,cluster_sin_nscore
8896.836,25603.992,1514.132,12.4,-0.9694267073728421,2,1
9011.871,26029.625,1839.699,15.4,-0.2380893279790155,2,2
8913.27,25708.682,1586.962,16.1,-0.09423192523971015,2,1
8943.9,25143.9,1475.9,14.6,-0.4252277308747451,2,1
8868.632,25789.857,1652.174,15.1,-0.3163303832842014,2,1
9098.023,24980.459,1884.722,15.5,-0.2252024008381489,2,3
8654.587,25827.915,1219.739,12.0,-1.075206508188439,2,1
8862.301,25804.168,1626.027,15.5,-0.2252024008381489,2,1
8881.648,25604.292,1561.505,19.9,0.5149233167586906,2,1
8977.652,24968.162,1835.855,17.6,0.1587398075978676,2,1
8969.611,26398.533,1605.232,12.8,-0.8373383608517686,2,2
9130.378,24752.244,1804.749,17.2,0.1068412589070135,2,3
9096.264,24386.705,1414.744,17.4,0.1218884545735093,2,1
8958.958,25036.903,1489.077,13.2,-0.744694447710125,2,1
9087.109,24910.374,1786.668,16.2,-0.08037886482297546,2,3
8904.454,24983.83,1340.92,10.7,-1.459239578375991,2,1
9065.842,24966.796,1687.697,16.4,-0.0351351513638127,2,1
9026.392,25759.923,1739.631,11.8,-1.127711669523924,2,2
8829.641,25546.81,1663.994,13.4,-0.699854356105755,2,1
8963.463,25500.241,1775.981,17.1,0.09067553533275981,2,2
9037.527,26157.295,1819.228,18.3,0.2741196883133217,2,2
9000.904,25551.583,1707.236,16.0,-0.1118896402415854,2,2
9048.852,25906.389,1837.166,15.4,-0.2380893279790155,2,2
8900.779,25105.127,1422.067,20.4,0.5984352524007998,2,1
8904.72,26212.873,1438.238,15.8,-0.1487214953686677,2,2
8963.005,25382.002,1650.13,21.2,0.7039217888285135,2,1
8969.47,25376.577,1489.101,15.5,-0.2252024008381489,2,1
9047.681,26198.206,1854.555,16.9,0.06402672253786497,2,2
8974.54,25226.736,1724.471,20.4,0.5984352524007998,2,1
8909.568,25995.647,1686.941,22.0,0.7779025634224145,2,2
8974.095,26195.432,1590.598,14.3,-0.4766187439234876,2,2
8957.61,24802.397,1518.692,21.6,0.7347981032164006,2,1
8971.927,24801.809,1480.811,10.6,-1.489429222452912,2,1
8914.196,24841.415,1368.848,19.1,0.3807862020707866,2,1
8934.162,24843.411,1320.334,10.2,-1.58587503967541,2,1
8961.6,26196.2,1628.3,23.5,1.007636707833906,2,2
9023.016,26790.971,1672.205,15.4,-0.2380893279790155,2,2
9025.886,26590.951,1763.335,14.8,-0.3762827437846237,2,2
8917.383,25155.122,1551.959,16.0,-0.1118896402415854,2,1
9103.667,24384.428,1378.819,15.1,-0.3163303832842014,2,1
8879.8,24952.633,1312.159,15.1,-0.3163303832842014,2,1
9032.406,26024.492,1749.141,14.1,-0.529301094308674,2,2
8880.246,24950.973,1284.463,14.3,-0.4766187439234876,2,1
9139.848,24752.322,1745.501,13.2,-0.744694447710125,2,3
9047.035,26001.25,1809.462,14.8,-0.3762827437846237,2,2
8940.182,25810.498,1560.526,14.7,-0.3992762163940186,2,2
8990.151,25652.673,1751.717,21.0,0.6802238432458025,2,2
8927.508,25400.771,1614.124,15.6,-0.2008180598924123,2,1
8944.257,25703.791,1694.997,22.5,0.8583160110775261,2,2
8891.163,24981.964,1270.948,12.6,-0.8957798188835894,2,1
8809.253,25500.099,1630.409,16.2,-0.08037886482297546,2,1
9142.064,24752.343,1731.425,18.5,0.2992297324571835,2,3
8941.67,25807.92,1609.185,13.9,-0.5758757719308434,2,2
9047.154,25594.014,1780.753,14.9,-0.3548222977134121,2,2
9046.367,24971.701,1732.94,17.2,0.1068412589070135,2,1
9092.324,24978.542,1822.01,16.4,-0.0351351513638127,2,3
9090.823,24978.05,1805.586,18.8,0.3390172169495177,2,3
8928.308,25706.63,1639.566,12.7,-0.8625437144150381,2,2
8756.927,25807.131,1402.719,14.7,-0.3992762163940186,2,1
8826.699,25796.015,1550.136,18.9,0.3468171012040459,2,1
9136.407,24778.355,1788.873,14.0,-0.5583922312531167,2,3
9070.067,24393.702,1541.627,22.8,0.9033006222888622,2,1
9247.887,24437.368,1603.439,13.3,-0.7266058109575452,2,3
9144.344,24839.302,1824.939,13.1,-0.758004233319085,2,3
9012.644,24598.74,1326.939,11.0,-1.385697781068808,2,1
9021.461,24598.706,1285.108,14.5,-0.4403831045648589,2,1
9074.611,24592.792,1465.014,14.6,-0.4252277308747451,2,1
8896.43,25710.441,1528.62,13.8,-0.602943093848241,2,1
9137.149,24752.29,1762.539,15.4,-0.2380893279790155,2,3
9016.859,26591.985,1793.496,14.5,-0.4403831045648589,2,2
9108.692,24382.829,1354.638,15.3,-0.2600894251725466,2,1
9049.748,25169.873,1822.406,22.2,0.8161498870226594,2,3
9084.266,25593.48,2265.255,9.34,-1.934569529724341,3,2
9038.357,25997.772,2279.299,16.47,-0.01859962377522673,3,2
9049.319,25500.22,2288.893,13.3,-0.7266058109575452,3,2
9099.841,26000.471,2305.887,26.72,1.329601910801645,3,2
9023.762,25999.419,2252.374,13.83,-0.5894557978497783,3,2
9073.272,25993.583,2205.183,14.44,-0.4511404281257785,3,2
9048.789,25399.355,2266.071,19.24,0.4149740232710051,3,2
9067.713,25092.534,2238.807,17.37,0.1194676034284659,3,3
9129.889,25082.242,2244.423,25.96,1.253004046434014,3,3
9062.462,25196.688,2265.821,24.01,1.063222768539753,3,3
9043.187,25290.781,2256.849,15.79,-0.1523905895074676,3,2
9012.635,25543.847,2202.188,23.35,0.9903269827862897,3,2
8989.51,25171.782,2265.928,20.78,0.648724421102073,3,2
9062.121,25196.402,2240.324,21.87,0.7665489229505702,3,2
9063.041,25249.811,2256.432,19.99,0.5349861326938083,3,2
9040.442,25249.48,2199.236,16.87,0.05397264705241303,3,2
9091.656,25406.911,2228.654,12.01,-1.070744597069211,3,2
9103.017,25952.407,2151.823,20.16,0.5550566425903991,3,2
8994.647,25778.889,2203.276,16.45,-0.02132928514383572,3,2
9028.434,25999.319,2244.682,24.35,1.091495943788281,3,2
9137.61,25985.487,2205.559,10.95,-1.406438235289715,3,2
9003.739,26055.202,2246.199,18.72,0.3229319925266089,3,2
9018.153,26046.195,2217.913,16.89,0.06180013171761403,3,2
9029.95,26038.633,2193.963,26.22,1.269664385180663,3,2
9116.519,26102.546,2196.693,12.65,-0.8771956463823601,3,2
9159.22,26090.522,2224.988,19.18,0.3933460278791486,3,2
9143.638,25448.903,2281.744,25.09,1.165625424150888,3,2
8971.076,25652.903,2188.753,19.89,0.5118756862277535,3,2
9131.049,26094.034,2277.766,20.45,0.6104835432900303,3,2
9047.175,25550.705,2267.937,26.99,1.363096091872161,3,2
9105.432,25553.479,2270.934,38.75,2.179471333502193,3,2
9174.171,25502.995,2270.211,28.0,1.453306795352093,3,2
9142.642,25589.465,2294.111,23.56,1.018185550731036,3,2
8991.802,25632.384,2265.648,23.6,1.023706613812521,3,2
9115.771,25797.657,2277.096,9.69,-1.80262682554821,3,2
9097.399,25847.223,2271.308,29.54,1.574871892392695,3,2
9120.984,25799.947,2233.907,17.05,0.08415533089046491,3,2
9027.802,25894.732,2272.641,25.41,1.200056974255027,3,2
9094.331,25887.782,2263.745,26.14,1.262844688004473,3,2
9090.469,25903.706,2284.083,20.03,0.5467127119792434,3,2
9132.75,25948.532,2287.515,13.34,-0.7127895775323339,3,2
9087.432,25948.323,2266.384,17.04,0.081200467245243,3,2
9026.228,25997.111,2299.123,11.66,-1.174386524713683,3,2
9099.859,26000.602,2268.387,16.41,-0.02877337216175055,3,2
9129.744,25984.761,2296.717,16.27,-0.06177888805802279,3,2
9130.633,25984.794,2286.255,15.12,-0.3097425315385302,3,2
9131.67,25984.87,2274.3,17.42,0.124926172621193,3,2
9151.562,26001.181,2297.13,25.87,1.238066183623676,3,2
9155.685,26001.529,2264.65,16.99,0.07772433961175147,3,2
9122.364,26046.478,2306.83,17.5,0.1371769993450495,3,2
9130.638,26046.043,2296.171,11.21,-1.275302474602154,3,2
9150.78,26044.841,2270.059,7.2,-2.751583529174885,3,2
9156.304,26044.489,2262.963,11.47,-1.204922507842223,3,2
9078.635,24937.082,2143.278,27.88,1.448039949552206,3,3
9209.18,25000.798,2162.371,22.89,0.9108728690353499,3,3
9049.107,25826.092,2218.272,19.44,0.4645060219689551,3,2
8979.955,25034.508,2152.196,26.52,1.309830466478528,3,3
9044.492,25146.143,2179.372,26.98,1.359438652743095,3,3
8881.722,25294.717,2164.516,38.46,2.13402514571507,3,1
8901.546,25277.669,2177.68,37.59,2.090071857463877,3,2
9011.123,25507.842,2100.682,27.1,1.384628258287824,3,2
9062.929,25696.995,2100.967,27.68,1.440565042401672,3,2
9256.22,24697.001,2216.589,23.25,0.9742420296454317,3,3
9166.261,25072.189,2168.542,23.79,1.035789621854487,3,3
9023.816,25441.951,2102.756,23.79,1.035789621854487,3,2
9245.192,24697.927,2240.392,20.34,0.5814005702012147,3,3
8999.457,24970.594,2140.382,28.51,1.505747005712342,3,3
9092.551,25052.038,2115.591,22.42,0.8519733284846679,3,3
9047.246,25340.202,2088.163,23.0,0.9339099412610543,3,2
9060.45,25646.15,2100.999,15.68,-0.1758307265537456,3,2
9019.8,25646.013,2100.883,20.63,0.6279555806407832,3,2
8989.882,25033.662,2167.187,29.72,1.592054690318601,3,3
9066.206,25751.792,2099.358,19.61,0.4870542634764717,3,2
9037.832,25752.783,2101.842,22.22,0.8250346491835128,3,2
9072.026,25610.492,2103.685,19.19,0.3992762163940185,3,2
8998.957,25645.831,2098.324,20.26,0.5672113899131166,3,2
9080.795,25057.028,2140.223,21.14,0.6939959814391847,3,3
9101.177,25709.756,2203.23,23.47,1.001542683290406,3,2
9155.229,25154.414,2169.563,13.01,-0.7804270126840552,3,3
9209.03,25001.059,2127.872,26.96,1.357032109056588,3,3
9032.652,25030.023,2231.411,18.09,0.2481784955857255,3,3
8872.682,25448.335,2141.834,28.65,1.52228953536462,3,2
9104.721,25090.235,2171.899,26.39,1.298465983783343,3,3
8992.797,25752.826,2100.235,26.3,1.280981397513278,3,2
8944.601,25164.123,2169.836,18.78,0.3357662446318417,3,2
9219.641,24751.242,2187.987,19.68,0.4948204211760789,3,3
9021.512,24965.037,2117.518,19.02,0.370901751289097,3,3
9149.542,24850.611,2155.046,23.29,0.9810405016180008,3,3
8969.721,25091.582,2150.908,19.93,0.526416867571128,3,2
8968.865,25158.073,2127.125,17.92,0.2196586471393271,3,2
9205.31,24750.792,2210.865,20.26,0.5672113899131166,3,3
9254.352,24847.037,2178.989,23.11,0.9575645400304821,3,3
9272.895,24796.648,2208.454,26.63,1.323546053271649,3,3
9050.763,24996.478,2189.476,22.07,0.7905206894631426,3,3
9035.538,25340.245,2099.79,17.55,0.1525797780022539,3,2
9056.252,25387.938,2102.442,12.98,-0.7911728561694816,3,2
9061.111,25195.929,2169.085,19.4,0.4584256785847649,3,2
8990.582,25759.809,2138.527,15.36,-0.2458403691027278,3,2
9121.323,25151.815,2242.251,24.47,1.111702077538644,3,3
9063.494,25463.136,2155.462,20.73,0.6397613966202885,3,2
9047.796,25597.836,2125.729,21.28,0.715217795675016,3,2
9138.946,25153.202,2204.98,23.53,1.014389743181981,3,3
9113.855,24943.501,2223.758,20.4,0.5984352524007998,3,3
9040.564,25029.374,2243.245,23.22,0.9694267073728421,3,3
8986.194,25297.131,2161.312,24.13,1.076530891269039,3,2
8992.814,25261.978,2269.62,22.78,0.8974888357638203,3,2
9135.595,25252.968,2215.772,14.75,-0.3870776830245226,3,2
8991.521,25759.82,2128.069,16.39,-0.04392402454026414,3,2
9223.723,24847.853,2247.444,17.72,0.176186282757656,3,3
9190.386,24999.11,2260.645,22.91,0.9223302184168565,3,3
9033.629,25249.369,2181.768,19.96,0.532377593645038,3,2
9122.013,25253.233,2184.059,15.98,-0.1194676034284659,3,2
9097.781,25253.791,2127.537,16.24,-0.07157147317761985,3,2
8997.352,25296.444,2139.232,19.31,0.437511333899716,3,2
9088.701,25405.866,2193.545,20.99,0.6768541480424047,3,2
9080.627,25462.966,2130.836,18.08,0.2452798698743525,3,2
9124.22,25585.007,2250.066,27.31,1.396787613135928,3,2
9179.827,24750.131,2250.646,10.58,-1.494861327532243,3,3
9051.668,24750.007,2253.124,30.82,1.707270278796373,3,3
9246.694,24797.239,2269.011,20.43,0.605271852768258,3,3
9105.309,24949.709,2243.624,20.65,0.6324488896042704,3,3
9050.332,24997.403,2218.708,17.95,0.2218823983510556,3,3
9061.308,25195.858,2181.083,23.96,1.056195578096852,3,3
9196.046,24750.501,2225.413,23.52,1.011518024552704,3,3
9253.576,24899.46,2231.413,30.29,1.664993283041132,3,3
9060.766,25196.055,2148.089,19.23,0.4115344569073104,3,2
9012.144,25270.633,2181.328,19.13,0.3839385335797517,3,2
9108.391,25253.506,2152.363,21.9,0.7720823056175564,3,3
8974.937,25297.565,2184.189,15.87,-0.1364709611694144,3,2
9047.645,25463.294,2178.24,19.16,0.3882036219313951,3,2
8976.754,25103.324,2218.389,40.83,2.364138149817884,3,3
9130.419,25891.357,2151.396,18.05,0.2386007432095267,3,2
9086.324,25997.184,2149.127,11.42,-1.225942748902993,3,2
9081.778,25702.288,2203.811,24.93,1.14260995853271,3,2
9053.736,25697.015,2229.131,17.15,0.09715268159627061,3,2
9077.806,25903.075,2183.393,21.09,0.6862362334656198,3,2
9089.857,25950.474,2204.823,16.03,-0.1069864802785154,3,2
9096.686,25950.943,2196.088,16.31,-0.05522908732975686,3,2
9114.912,25951.675,2184.243,13.33,-0.7151130441884194,3,2
9015.09,25750.905,2165.563,19.46,0.4682610324892895,3,2
9089.238,25947.434,2287.288,18.72,0.3229319925266089,3,2
9014.469,25693.552,2198.568,7.78,-2.401517508798487,3,2
9131.042,25734.074,2236.199,20.39,0.5909490574270496,3,2
9052.625,25795.113,2233.486,18.02,0.226489376607492,3,2
9076.105,25800.392,2185.08,19.19,0.3992762163940185,3,2
9085.133,25552.933,2200.038,19.65,0.4921368228083809,3,2
9151.691,26001.271,2279.131,6.26,-3.1012874546628,3,2
8915.515,25281.007,2158.325,14.99,-0.3334349694265734,3,2
9102.624,25289.697,2231.21,19.18,0.3933460278791486,3,2
9133.429,26045.251,2224.825,17.33,0.1153300183985011,3,2
8978.2,25852.483,2121.936,19.53,0.4763487441336666,3,2
9070.099,25984.66,2265.155,14.68,-0.4100258891741658,3,2
9141.383,26044.824,2212.114,15.61,-0.1957001783012041,3,2
9067.968,25554.22,2218.114,18.95,0.3565066308110417,3,2
8982.016,25852.412,2110.559,16.85,0.05028211659838095,3,2
9152.042,26001.975,2189.137,22.6,0.8726966864475555,3,2
9161.402,25200.202,2176.464,19.07,0.3758264954754419,3,3
9149.55,25401.05,2271.52,22.89,0.9108728690353499,3,2
9076.693,25890.892,2293.23,16.59,-0.004048619235151004,3,2
8971.913,25543.719,2289.708,13.41,-0.6959079368789585,3,2
9174.844,25791.586,2312.772,20.86,0.6595562076038998,3,2
9091.655,25689.195,2228.095,21.63,0.7401075383680714,3,2
9104.195,25849.427,2243.437,16.05,-0.1037058694557991,3,2
9031.586,25500.207,2070.436,25.24,1.179401750967482,3,2
9002.241,25035.761,2176.559,19.65,0.4921368228083809,3,3
8996.894,25695.685,2224.618,25.51,1.208493321950756,3,2
9077.434,25903.366,2270.611,13.95,-0.5731153914071754,3,2
9092.158,25650.395,2256.335,13.52,-0.6580429849889554,3,2
9013.198,25634.814,2227.212,26.38,1.297231066418185,3,2
8995.847,25697.579,2136.486,17.61,0.1650954314192633,3,2
9058.001,25596.527,2061.798,21.86,0.7643351240850832,3,2
9064.138,25848.584,2291.257,9.45,-1.889876392436692,3,2
9086.681,25873.767,2293.097,12.45,-0.9475799380826428,3,2
9090.232,25799.786,2216.679,26.31,1.28763680729883,3,2
9107.75,25724.239,2273.739,18.7,0.3176495935110938,3,2
9172.051,25325.203,2229.431,8.27,-2.263239388408655,3,2
9138.085,25526.605,2254.042,18.95,0.3565066308110417,3,2
9048.748,25624.589,2264.67,7.7,-2.447366263903362,3,2
9128.956,26026.907,2142.79,16.26,-0.06384093898471171,3,2
9127.239,26077.473,2134.087,16.63,0.005722926843474036,3,2
9135.472,26185.79,2103.527,11.81,-1.12383331857344,3,2
9060.958,25048.295,2248.341,19.29,0.430727299295462,3,3
9083.559,25047.579,2203.466,12.12,-1.035789621854488,3,3
9071.296,25223.558,2193.848,12.81,-0.8323003282628337,3,2
9118.763,25496.345,2228.477,17.8,0.1982584699798983,3,2
9152.961,25228.884,2246.871,10.23,-1.571286497576911,3,2
9087.539,25424.299,2260.022,4.35,-5.199337582605575,2,2
9152.322,25375.337,2255.083,12.58,-0.9070802442763028,3,2
9158.718,25124.315,2257.123,13.51,-0.6629084921291184,3,3
9013.397,25120.145,2268.579,14.71,-0.3940638900555009,3,2
8955.94,25224.375,2250.865,16.1,-0.09423192523971015,3,2
8972.898,25204.149,2259.634,13.49,-0.6768541480424047,3,2
9135.684,25276.531,2261.074,16.66,0.008782093827594135,3,2
9042.047,25445.842,2258.192,18.9,0.3468171012040459,3,2
9092.749,25515.645,2161.087,11.98,-1.085943239651319,3,2
8950.309,25393.978,2098.258,19.58,0.480983868417113,3,2
9181.744,26049.183,2298.524,17.68,0.1712154420460047,3,2
9101.951,26026.141,2201.359,9.43,-1.910861288894319,3,2
9165.053,26130.763,2183.727,11.95,-1.097454472262085,3,2
9167.498,26238.135,2190.937,16.25,-0.06654121327814211,3,2
9080.923,26025.93,2246.997,11.16,-1.301190684205984,3,2
9049.965,25926.086,2300.063,10.45,-1.52756211835507,3,2
9102.853,25631.876,2275.426,14.09,-0.5350828150863223,3,2
9026.41,25435.6,2269.221,20.58,0.6229476699085273,3,2
9024.056,25490.481,2202.284,18.18,0.2626857606837368,3,2
9058.688,25682.267,2071.863,6.6,-2.966964890452398,2,2
9053.335,25499.791,2194.482,24.12,1.074884792871027,3,2
9106.073,25349.458,2258.02,16.69,0.01505539320769874,3,2
9088.216,25554.22,2242.245,19.35,0.4500801451366228,3,2
9067.977,25552.933,2201.842,15.59,-0.2059412068998026,3,2
8845.722,25398.912,2064.784,27.4,1.418118550622488,1,1
8855.769,24600.047,2170.495,20.4,0.5984352524007998,1,1
9068.621,24400.209,2253.404,16.2,-0.08037886482297546,3,3
9063.232,26122.814,2229.845,11.2,-1.28056872231671,3,2
9098.691,26121.392,2168.927,13.3,-0.7266058109575452,3,2
9220.505,24652.054,2258.676,16.8,0.04266827932052208,3,3
9226.807,24652.297,2244.243,23.8,1.044408794872596,3,3
9236.947,24652.71,2220.85,22.8,0.9033006222888622,3,3
9243.989,24652.993,2204.287,18.4,0.2783016875657953,3,3
8921.744,25157.924,2079.27,33.2,1.820884315155473,3,1
9148.667,25153.875,2183.871,13.1,-0.758004233319085,3,3
9160.531,25154.848,2157.976,16.0,-0.1118896402415854,3,3
9075.285,25059.367,2151.481,18.5,0.2992297324571835,3,3
8982.041,25304.784,2103.275,21.6,0.7347981032164006,3,2
9251.047,24797.125,2259.456,19.5,0.4724065407146266,3,3
9255.4,24797.011,2249.902,17.8,0.1982584699798983,3,3
9147.664,24644.534,2267.778,21.2,0.7039217888285135,3,3
9049.168,25105.435,2106.27,17.9,0.214919822566405,3,3
8961.385,25199.728,2095.895,25.3,1.184133290350718,3,2
9121.553,25004.225,2216.752,18.2,0.2680940078330957,3,3
9125.906,25004.76,2197.752,16.7,0.02007444749317332,3,3
9050.885,24995.89,2173.738,21.8,0.7546642694731029,3,3
9097.223,25001.753,2171.095,13.8,-0.602943093848241,3,3
9092.138,25001.692,2153.828,22.2,0.8161498870226594,3,3
9131.443,24930.722,2177.629,18.5,0.2992297324571835,3,3
9139.319,24850.438,2180.035,19.3,0.4352477664356365,3,3
9106.492,24850.68,2157.935,17.3,0.1138732164958553,3,3
9096.002,25123.51,2086.322,13.6,-0.6425374951777412,3,3
9030.921,25293.498,2074.759,16.6,0.0,3,2
9036.104,25293.147,2064.78,17.2,0.1068412589070135,3,2
9041.974,25292.752,2053.468,14.1,-0.529301094308674,3,2
9053.309,25292.012,2031.479,13.5,-0.6674190444558503,3,2
8955.965,25092.859,2169.608,29.1,1.545927318116606,3,3
9160.033,25174.428,2248.297,16.7,0.02007444749317332,3,3
9173.758,25173.522,2223.337,15.3,-0.2600894251725466,3,3
9167.683,25229.723,2220.746,12.3,-0.9979196589738004,3,2
9168.833,25195.572,2226.462,15.2,-0.287442172763095,3,3
9178.631,25195.111,2207.893,12.6,-0.8957798188835894,3,2
9164.003,25275.902,2220.48,14.4,-0.4616536381948155,3,2
9175.558,25275.503,2203.855,15.6,-0.2008180598924123,3,2
9089.31,25914.227,2107.155,23.0,0.9339099412610543,3,2
9115.132,25926.376,2151.753,19.6,0.4836579667787663,3,2
9084.72,25077.431,2254.35,19.6,0.4836579667787663,3,3
9109.654,25223.431,2127.661,12.7,-0.8625437144150381,3,2
9185.509,25230.19,2188.614,14.9,-0.3548222977134121,3,3
9121.794,25143.887,2099.489,12.7,-0.8625437144150381,3,3
9107.47,25046.937,2155.053,20.3,0.5760748876486937,3,3
8993.362,24949.724,2092.022,20.2,0.5586121788902507,3,3
9142.435,24998.343,2225.366,22.2,0.8161498870226594,3,3
9155.017,24997.334,2186.094,21.3,0.7217137762174166,3,3
9163.498,24996.37,2158.903,17.7,0.1737410619117726,3,3
9106.319,25107.954,2122.878,16.8,0.04266827932052208,3,3
9114.878,25106.755,2108.823,13.0,-0.7832206732062958,3,3
9162.742,24600.275,2257.275,16.8,0.04266827932052208,3,3
9148.6,24751.144,2224.664,16.8,0.04266827932052208,3,3
9024.791,25049.912,2112.867,17.5,0.1371769993450495,3,3
9061.638,24997.227,2066.106,15.2,-0.287442172763095,3,3
9148.892,25008.675,2089.231,14.8,-0.3762827437846237,3,3
9168.51,24644.047,2234.82,14.8,-0.3762827437846237,3,3
9138.208,24802.777,2209.437,14.2,-0.5065180467117536,3,3
9071.489,25001.224,2080.171,16.5,-0.01505539320769846,3,3
9113.42,24850.564,2137.583,19.8,0.5034973903918751,3,3
9009.014,25049.252,2136.591,16.6,0.0,3,3
9043.656,25050.966,2084.001,17.5,0.1371769993450495,3,3
8896.544,25273.767,2220.41,23.3,0.9839844620698338,3,2
9209.802,25047.189,2179.258,12.7,-0.8625437144150381,3,3
8915.437,25157.373,2092.037,18.5,0.2992297324571835,3,2
9011.498,25087.536,2094.268,22.3,0.8329908050118923,3,3
9104.96,25046.771,2087.953,16.8,0.04266827932052208,3,3
8958.989,25048.286,2128.738,21.3,0.7217137762174166,3,3
9025.024,24996.965,2141.705,22.9,0.91611627722241,3,3
9184.906,24947.488,2236.983,21.2,0.7039217888285135,3,3
9202.591,24947.151,2189.149,23.8,1.044408794872596,3,3
9154.807,24910.028,2132.912,19.1,0.3807862020707866,3,3
9102.418,24909.079,2202.363,16.9,0.06402672253786497,3,3
9193.899,24782.66,2198.156,18.7,0.3176495935110938,3,3
8981.244,25570.798,2163.617,16.4,-0.0351351513638127,3,2
8985.26,25581.47,2160.52,19.8,0.5034973903918751,3,2
9048.011,25598.299,2164.725,19.5,0.4724065407146266,3,2
9036.016,25339.931,2059.446,27.4,1.418118550622488,3,2
9087.897,25679.261,2160.895,12.9,-0.8091681743595582,3,2
9080.64,25679.899,2138.816,12.4,-0.9694267073728421,3,2
9137.079,25045.5,2095.247,19.4,0.4584256785847649,3,3
9174.964,25049.175,2245.646,24.9,1.139722743374158,3,3
9132.332,25143.291,2075.454,16.8,0.04266827932052208,3,3
8700.032,23604.571,1906.354,41.57,2.451114771015958,1,1
9011.706,23703.441,2064.365,29.46,1.570348317265712,1,1
9031.884,23703.831,2029.252,26.79,1.339218201798832,1,1
8626.29,23802.141,2205.981,23.44,0.9973163154080958,1,1
8877.836,23803.784,1801.859,37.6,2.09121815930391,1,1
8925.923,23802.574,1733.914,33.38,1.835832944145332,1,1
8665.476,23900.856,2134.819,22.25,0.8283391691124142,1,1
8711.764,23899.764,2044.779,23.27,0.9773375885524462,1,1
8787.671,23900.829,1889.056,39.85,2.275068422534718,1,1
8978.734,23901.286,2120.061,25.02,1.155289354558078,1,1
9027.013,23902.364,2030.22,19.27,0.4197409936702002,1,3
9050.126,23796.774,2085.112,28.16,1.470084111820493,1,3
8858.923,23797.428,2157.081,22.08,0.7944570685523894,1,1
8817.198,24001.906,2237.681,36.46,2.031151702466915,1,1
8898.915,24004.624,2096.097,31.68,1.744194425864168,1,1
8681.379,23999.152,2109.7,29.1,1.545927318116606,1,1
8713.667,23999.104,2058.241,41.68,2.466077781569741,1,1
8762.251,23999.386,1983.378,43.35,2.665418373471773,1,1
8690.11,23710.989,2218.315,8.31,-2.247148442753621,1,1
8816.552,24095.501,2011.738,28.33,1.489079405566635,1,1
8835.374,24203.585,1996.557,16.74,0.02881197765394981,1,1
8858.187,24204.686,1927.486,22.09,0.7963739692161325,1,1
8913.441,24207.801,1756.207,22.39,0.8463227100467087,1,1
9050.965,24203.257,1263.665,23.58,1.021408889666503,2,1
8777.834,24301.351,2144.872,23.94,1.053178625438062,1,1
9020.232,24306.17,1488.503,36.24,2.007009483486845,2,1
9061.478,24307.872,1371.047,15.59,-0.2059412068998026,2,1
9215.323,23699.381,1964.187,31.13,1.727768183930474,1,3
9155.354,24100.247,2178.979,28.26,1.483553048894323,3,3
9167.337,24100.085,2159.057,24.55,1.119041688391952,3,3
8599.8,24045.4,1953.3,59.66,3.287437061543074,1,1
8604.3,24045.1,1942.2,35.66,1.971238226299543,1,1
8606.3,24044.9,1937.4,22.91,0.9223302184168565,1,1
8608.6,24044.7,1931.8,22.55,0.866421712532604,1,1
8628.2,24043.0,1883.1,29.73,1.597811343706936,1,1
8631.4,24042.7,1875.0,34.09,1.881686634843695,1,1
9046.7,23694.7,2027.3,21.23,0.7119811052447251,1,3
9050.4,23694.5,2020.8,26.3,1.280981397513278,1,3
9062.9,23693.7,1998.6,42.74,2.588596706948772,1,3
9068.1,23693.3,1989.5,26.56,1.317736947699133,1,3
8697.8,23902.3,2131.3,32.22,1.77972450857944,1,1
8715.8,23902.6,2094.2,29.14,1.554638869505479,1,1
8724.9,23902.8,2075.3,22.61,0.87719564638236,1,1
8768.5,23904.2,1983.9,40.06,2.294589145753982,1,1
8787.4,23905.0,1943.9,24.84,1.135284209184952,1,1
8617.4,23996.6,2166.2,41.04,2.391135604512135,1,1
8660.9,23994.0,2085.7,17.73,0.1781188711335181,1,1
8709.9,23990.5,1989.6,54.25,2.942577465109383,1,1
8980.0,24228.8,2254.9,21.76,0.7478042986497855,1,3
8994.0,24228.8,2219.2,17.5,0.1371769993450495,1,3
9001.8,24228.8,2199.0,16.76,0.03262457282938153,1,3
9017.2,24228.7,2159.1,24.38,1.095710385394479,1,3
9044.7,24228.3,2086.9,22.14,0.8034247665687363,1,3
9051.9,24228.1,2068.0,27.05,1.373601555818488,1,3
9095.2,24227.7,1952.0,25.36,1.192234958087997,1,3
8577.3,23756.2,2054.7,22.2,0.8161498870226594,1,1
8829.7,24298.7,2063.1,26.22,1.269664385180663,1,1
8831.8,24298.6,2057.5,31.06,1.723556238824527,1,1
8843.1,24298.1,2028.1,28.63,1.518391389366879,1,1
8861.8,24297.1,1979.0,22.94,0.9257267361809819,1,1
8878.9,24296.2,1934.2,27.1,1.384628258287824,1,1
8933.1,24293.7,1787.9,29.7,1.587403895404808,1,1
8952.0,24292.5,1735.7,32.33,1.786776518036112,1,1
9014.9,24288.4,1557.6,28.18,1.475939508279365,2,1
9025.1,24287.4,1527.8,28.15,1.467318813520432,2,1
9032.9,24286.8,1505.1,32.53,1.797036925001075,2,1
9034.7,24286.7,1499.9,23.07,0.9539797406561975,2,1
9125.0,24101.0,2190.0,28.08,1.459376746430206,3,3
9129.7,24101.1,2182.3,15.96,-0.1233920727786572,3,3
9134.3,24101.3,2174.6,29.26,1.561915217223927,3,3
9139.0,24101.5,2166.9,22.54,0.8641226358551066,3,3
9149.0,24101.9,2150.1,22.69,0.8883093448377877,3,3
9162.8,24102.5,2126.9,18.9,0.3468171012040459,3,3
8603.4,24256.7,1901.5,35.9,1.980309861714374,1,1
8610.8,24256.9,1885.1,30.74,1.694442626838635,1,1
8859.3,24003.3,2193.0,48.49,2.808134105347491,1,1
8862.3,24003.4,2187.8,60.87,5.19933758270342,1,1
8935.5,24005.4,2057.7,42.08,2.522191419683339,1,1
8604.1,23997.4,2190.5,30.59,1.681495115381082,1,1
9191.191,24099.732,2119.144,30.19,1.651319838353589,3,3
8909.158,24374.246,2185.868,33.92,1.860668269880465,1,1
9259.781,24442.823,2092.54,25.62,1.221010333440868,3,3
9266.329,24442.385,2076.587,22.05,0.7832206732062963,3,3
9269.506,24442.184,2068.977,17.5,0.1371769993450495,3,3
8888.311,24424.422,2225.942,14.46,-0.448388207251993,1,1
8998.729,24423.706,2231.681,22.4,0.8487917549638331,3,3
8940.85,24472.211,2195.929,18.25,0.2709968157669145,1,3
8942.918,24472.097,2187.17,24.37,1.093423175568353,1,3
9327.138,24445.367,2096.878,21.13,0.6918705705912636,3,3
8921.769,24518.519,2177.349,30.25,1.661080581763275,1,1
9260.028,24469.315,2058.861,22.31,0.8340298296142432,3,3
9232.205,24519.015,2137.733,25.39,1.196932401928367,3,3
8885.859,24374.982,2240.34,15.6,-0.2008180598924123,1,1
9018.254,24547.623,2227.698,20.64,0.6299962561511956,3,3
9022.215,24547.183,2216.38,34.66,1.938199258369831,3,3
9115.421,24568.738,2264.271,18.07,0.2419630314331279,3,3
9118.557,24568.462,2255.043,33.4,1.838111275375844,3,3
9132.093,24929.613,2223.49,17.76,0.1854796339652766,3,3
9138.451,24929.317,2201.909,23.48,1.00352225987136,3,3
9209.45,24749.091,2221.501,26.81,1.346385644444869,3,3
8989.822,24723.216,2248.831,20.45,0.6104835432900303,3,3
9062.737,24751.228,2079.003,27.37,1.404533107179547,3,3
9235.127,24990.158,2219.509,18.17,0.2580251199867224,3,3
9230.26,24990.142,2211.061,20.05,0.5487650819475514,3,3
9225.065,24990.077,2201.936,30.04,1.628611346296881,3,3
9216.594,24989.992,2186.91,36.75,2.055743035450875,3,3
9210.758,24989.933,2176.424,16.63,0.005722926843474036,3,3
9200.992,24989.705,2158.687,13.04,-0.7680753131709815,3,3
9196.658,24989.577,2150.8,15.83,-0.1443391975893299,3,3
9190.897,24989.392,2140.275,14.7,-0.3992762163940186,3,3
9184.795,24989.233,2129.081,28.51,1.505747005712342,3,3
9201.51,25057.59,2201.344,11.15,-1.309139319621717,3,3
9202.542,25057.391,2187.885,10.08,-1.664081737514343,3,3
9203.915,25057.043,2169.189,15.26,-0.2704854790272211,3,3
9204.785,25056.825,2157.222,14.33,-0.4690792409499351,3,3
9110.487,25036.365,2174.384,21.92,0.7748397348724063,3,3
9112.788,25036.466,2166.462,33.87,1.852830823495375,3,3
9115.378,25036.578,2157.844,19.2,0.4057429144216658,3,3
9120.906,25036.844,2139.93,19.56,0.4788752542196816,3,3
9131.156,25037.307,2104.643,18.42,0.2835219254966291,3,3
9144.176,25037.759,2059.226,13.44,-0.6862120841372173,3,3
9150.972,25037.978,2033.872,12.45,-0.9475799380826428,2,3
9153.87,25038.018,2023.002,11.4,-1.233468659373632,2,3
8950.938,25011.71,2079.291,14.28,-0.4832759194549177,3,2
8962.303,25011.503,2047.515,15.92,-0.129582313672137,3,3
8966.049,25011.403,2036.908,17.77,0.1883851847387106,3,3
8963.495,24971.79,2071.467,38.47,2.144631609123983,3,3
8965.39,24971.556,2064.993,19.15,0.3863933448248081,3,3
8973.5,24970.465,2036.131,27.53,1.431067901740735,3,3
9166.448,24927.988,2103.057,20.56,0.6199301473419588,3,3
9168.849,24927.918,2094.384,14.12,-0.5229842384622437,3,3
9173.273,24927.786,2078.488,27.37,1.404533107179547,3,3
9195.235,24926.698,1998.195,13.49,-0.6768541480424047,2,3
9197.771,24926.587,1988.782,12.6,-0.8957798188835894,2,3
9226.572,24399.556,2237.67,17.54,0.151482533551305,3,3
9315.076,24371.62,2258.953,26.53,1.312456919179813,3,3
9326.972,24370.575,2228.19,16.41,-0.02877337216175055,3,3
9278.459,24447.851,2246.632,19.91,0.5182768636015296,3,3
9098.47,24472.618,2243.61,12.14,-1.027246718790668,3,3
9164.123,24563.791,2123.283,25.99,1.255742874240194,3,3
9286.023,24549.86,2221.289,16.4,-0.0351351513638127,3,3
9297.427,24549.938,2108.619,22.12,0.8004568980498626,3,3
8907.772,24573.863,2194.841,23.72,1.0317442618184,1,1
8918.974,24573.63,2161.419,25.6,1.218287651564385,1,1
9275.303,24623.766,2251.117,22.76,0.8952521950058732,3,3
9275.112,24599.155,2155.154,19.19,0.3992762163940185,3,3
9164.305,24623.821,2270.72,16.6,0.0,3,3
9183.777,24561.603,2065.053,31.95,1.765313555766219,3,3
9215.934,24548.468,2143.055,25.24,1.179401750967482,3,3
9218.249,24548.338,2132.814,21.11,0.6887687544341287,3,3
9219.168,24598.564,2253.533,12.67,-0.8717209408523533,3,3
9043.027,24673.987,2256.422,15.03,-0.3282234180154029,3,3
9165.887,24672.134,2218.905,15.63,-0.190587417533462,3,3
9163.742,24725.725,2124.238,22.04,0.781218483282283,3,3
8992.362,24963.91,2115.183,15.36,-0.2458403691027278,3,3
8994.915,24963.889,2105.773,14.33,-0.4690792409499351,3,3
8998.625,24963.871,2092.015,11.21,-1.275302474602154,2,3
9000.948,24963.848,2083.32,39.6,2.250332201286382,3,3
9018.262,24963.384,2016.53,34.18,1.898279889318112,3,3
8977.615,24990.355,2109.835,24.2,1.083080502837688,3,3
8980.303,24990.194,2102.835,20.81,0.6534896560388039,3,3
8977.381,25027.862,2148.65,31.65,1.738723383284057,3,3
8979.462,25027.805,2142.229,16.88,0.05899893930614265,3,3
8994.56,25027.459,2095.089,39.17,2.220265217185149,3,3
8996.819,25027.401,2087.938,15.73,-0.161281273349864,3,3
8999.745,25027.319,2078.638,18.75,0.3308725717264193,3,3
8862.692,25345.332,2109.206,34.33,1.91253536164872,3,1
8995.628,24722.623,2225.551,21.23,0.7119811052447251,3,3
9258.725,24672.1,2250.794,18.49,0.2943857957835807,3,3
9259.663,24671.944,2243.354,15.16,-0.3018547881702471,3,3
9261.099,24671.739,2232.955,13.83,-0.5894557978497783,3,3
9140.553,24929.203,2194.71,15.23,-0.275694418715956,3,3
9142.842,24929.076,2186.785,19.83,0.5083886081265369,3,3
9203.259,25057.208,2178.163,9.17,-1.995058531402615,3,3
9121.531,24929.888,2259.47,15.64,-0.1854796339652768,3,3
9103.824,25036.173,2195.874,18.76,0.3330525048433189,3,3
9106.034,25036.209,2188.707,17.86,0.2111891419749529,3,3
9176.297,24988.989,2113.215,15.55,-0.2162038805648955,3,3
9173.13,24988.889,2107.256,42.97,2.640297424328972,3,3
9168.907,24988.761,2099.308,24.7,1.124883354289013,3,3
9163.312,24988.568,2088.695,16.5,-0.01505539320769846,3,3
9157.046,24988.294,2076.74,20.25,0.5613270940379927,3,3
9146.339,25037.852,2051.265,15.16,-0.3018547881702471,3,3
9013.658,24987.617,2015.263,12.13,-1.031904557554112,2,3
8905.949,24499.145,2254.946,12.85,-0.8227940825633988,1,1
9178.667,24927.604,2058.97,13.55,-0.6518243142461582,3,3
9045.138,24920.365,1986.219,16.39,-0.04392402454026414,2,3
9241.984,24748.101,2079.689,20.09,0.5511201585088698,3,3
9243.627,24748.046,2072.371,17.41,0.1237946947078547,3,3
9245.104,24747.997,2065.785,25.95,1.24856926381867,3,3
9246.908,24747.937,2057.735,14.95,-0.3402752304300422,3,3
8978.23,25011.096,2003.831,17.8,0.1982584699798983,3,3
8987.316,25011.025,1978.406,17.11,0.09218402021538298,2,3
9273.229,24599.172,2164.72,18.94,0.352933986126917,3,3
9222.657,24498.078,2152.987,24.0,1.061351606591455,3,3
9011.445,24924.547,2106.778,36.51,2.036477183469993,3,3
9013.52,24924.314,2099.575,34.89,1.947475877816469,3,3
9016.409,24923.973,2089.486,15.92,-0.129582313672137,3,3
9020.099,24923.517,2076.508,20.97,0.670557440622858,3,3
9223.311,24548.164,2110.123,16.08,-0.1003467984421342,3,3
9155.822,24601.006,2080.496,22.07,0.7905206894631426,3,3
9291.44,24599.253,2071.231,16.31,-0.05522908732975686,3,3
9293.439,24599.206,2060.923,22.06,0.786020459823562,3,3
9257.058,24747.609,2012.358,20.82,0.6550465077266916,3,3
9088.028,24751.028,2027.169,15.63,-0.190587417533462,3,3
9246.084,24689.794,2083.892,20.54,0.61785114200074,3,3
9279.564,24657.817,2084.13,15.84,-0.1422444953432984,3,3
9296.299,24599.09,2046.199,17.82,0.2033789661433501,3,3
9118.757,24599.75,2221.184,25.73,1.229297311621018,3,3
9253.243,24600.14,2259.374,20.72,0.6387516245422,3,3
9292.137,24692.097,2127.878,12.71,-0.8549921049888526,3,3
9100.829,24648.102,2247.03,10.11,-1.636159358643094,3,3
9205.874,24749.214,2236.839,10.99,-1.39120205536241,3,3
9199.97,24926.522,1980.571,12.61,-0.8882910058929048,2,3
9140.425,25037.614,2072.194,14.24,-0.4992296376600526,3,3
9081.76,24991.506,2139.485,18.18,0.2626857606837368,3,3
9172.603,24951.659,2174.974,20.38,0.5878406623064057,3,3
9087.496,24991.281,2126.442,20.45,0.6104835432900303,3,3
9042.79,24989.05,2050.17,19.78,0.5001445191581959,3,3
9126.59,25037.138,2120.497,19.08,0.3767867839116892,3,3
8988.254,24967.85,1983.475,17.83,0.2068410821978851,2,3
8990.141,24967.412,1976.23,12.94,-0.7972818544850809,2,3
9069.038,24992.03,2168.297,16.69,0.01505539320769874,3,3
9033.123,24717.681,2069.572,15.22,-0.280910849646044,3,3
9276.948,24671.195,2108.718,20.77,0.6453208847779989,3,3
9282.756,24670.67,2063.343,18.59,0.3071504875078291,3,3
9205.895,24623.91,2071.022,25.57,1.214192703205833,3,3
9196.447,24623.943,2119.61,20.78,0.648724421102073,3,3
9294.679,24623.775,2082.74,30.63,1.68475734186753,3,3
9270.947,24689.553,2023.566,18.04,0.2355088459892283,3,3
8746.621,24368.851,2122.416,24.49,1.115624817169875,1,1
8922.347,24267.605,2188.393,24.03,1.066665619216425,1,1
8987.018,24265.97,2100.986,18.68,0.3121312637918543,1,3
8997.787,24265.345,2086.576,14.5,-0.4403831045648589,1,3
9094.193,25953.193,2027.487,8.83,-2.080183964164926,2,2
9080.262,25953.035,2007.883,11.64,-1.181402356419907,3,2
9088.545,25953.129,2019.539,9.55,-1.85180792354145,2,2
9183.671,26372.014,2227.828,18.58,0.306390454064603,3,2
9008.065,24776.015,1961.174,16.17,-0.08492557936952683,2,3
8809.566,24467.487,2034.566,13.15,-0.7513327030392748,1,1
8997.51,25670.313,2031.095,12.44,-0.9539797406561978,3,2
9058.616,26151.271,1985.239,20.3,0.5760748876486937,3,2
9059.541,26151.302,1977.041,16.86,0.0514750198748247,3,2
9052.718,26151.075,2037.406,18.93,0.3514283201696165,3,2
9056.425,26151.19,2004.615,16.66,0.008782093827594135,3,2
9061.592,26151.367,1959.158,16.37,-0.04894771798160358,3,2
9060.733,26151.338,1966.609,22.37,0.8406746853199366,3,2
8993.686,25668.083,2019.139,11.67,-1.161975922668127,2,2
8991.426,25666.793,2012.105,15.9,-0.1321130235613776,3,2
8984.447,25662.737,1990.301,19.25,0.4171278511731102,3,2
9035.308,25825.252,2055.946,11.54,-1.199915889359042,3,2
9025.955,25825.489,2037.987,11.41,-1.230770729239113,3,2
9007.103,25825.62,2001.298,19.17,0.390423630571769,3,2
9004.043,25825.643,1995.281,12.65,-0.8771956463823601,2,2
8980.842,26082.369,2106.289,15.05,-0.324977143351283,3,2
9009.832,26082.25,2014.771,11.72,-1.139736926817393,3,2
9021.959,26082.225,1975.345,22.53,0.8619117525236277,3,2
9024.589,26082.238,1966.737,14.01,-0.551075993139237,3,2
9030.044,26082.288,1948.799,16.76,0.03262457282938153,3,2
9137.169,26027.491,2112.254,7.51,-2.582345388087873,3,2
9123.62,26027.793,2092.448,10.19,-1.597698422091424,3,2
9117.302,26027.891,2083.139,11.67,-1.161975922668127,3,2
9152.89,26219.827,2217.06,14.75,-0.3870776830245226,3,2
9140.603,26219.57,2200.032,10.02,-1.703746343271171,3,2
9144.545,26219.719,2205.509,14.01,-0.551075993139237,3,2
9137.098,26219.514,2195.164,12.56,-0.9135933712574054,3,2
9133.152,26219.606,2189.688,14.24,-0.4992296376600526,3,2
9129.213,26219.558,2184.207,10.08,-1.664081737514343,3,2
9117.471,26219.251,2167.713,14.61,-0.4220347582659294,3,2
9112.708,26219.06,2160.98,12.86,-0.8196556973718009,3,2
8738.68,24527.729,2141.32,21.15,0.6960802182392678,1,1
8808.355,24349.409,2228.053,14.97,-0.3371894771559252,1,1
8819.578,24349.295,2199.424,12.74,-0.8472090133939368,1,1
8825.554,24349.182,2184.045,11.05,-1.354120724416489,1,1
8743.038,24527.952,2120.778,14.06,-0.5408824784439604,1,1
8754.888,24399.37,2251.861,14.02,-0.5468017368255301,1,1
8758.15,24399.384,2245.107,12.09,-1.045988152284013,1,1
8756.499,24470.456,2122.499,25.33,1.1880564616987,1,1
9042.106,26150.457,2129.796,8.78,-2.096342873724819,3,2
8810.847,24399.098,2134.801,12.16,-1.018612489752209,1,1
8828.957,24398.71,2096.079,22.17,0.8084285345248282,1,1
8834.62,24398.57,2083.825,16.97,0.07593679407927391,1,1
8854.6,24397.757,2041.016,15.2,-0.287442172763095,1,1
9120.671,26200.272,2180.037,10.19,-1.597698422091424,3,2
9123.513,26200.208,2174.753,15.13,-0.3073151847228237,3,2
9126.709,26200.151,2168.807,7.92,-2.345629180282807,3,2
9134.083,26199.942,2154.892,11.16,-1.301190684205984,3,2
9143.913,26199.631,2136.338,11.76,-1.135475672555782,3,2
9146.723,26199.54,2131.037,9.31,-1.9471710165722,3,2
9152.688,26199.355,2119.77,9.1,-2.009855442882536,3,2
9085.744,25800.899,2001.315,15.69,-0.1701847241123691,3,2
9062.417,25800.966,1969.132,11.62,-1.18866565213657,2,2
9057.59,25800.959,1962.442,12.83,-0.8266977298382984,2,2
9051.026,25800.985,1953.305,12.77,-0.8409063506463136,2,2
9040.992,25801.118,1939.275,12.93,-0.802225683044881,2,2
9035.344,25801.119,1931.328,18.16,0.2549019905594725,3,2
9031.002,25801.095,1925.212,16.51,-0.008782093827594135,2,2
8858.895,24200.86,2251.95,20.85,0.6579470760429119,1,1
8860.841,24200.912,2245.487,18.11,0.2511126784758168,1,1
8881.875,24201.6,2175.848,21.54,0.7312501552106849,1,1
8839.121,24250.801,2236.701,17.17,0.1013323540254669,1,1
8858.179,24251.034,2197.599,20.02,0.5437891346358885,1,1
8902.909,24252.135,2107.611,16.21,-0.0763924184049465,1,1
8936.753,24299.085,2263.215,24.23,1.084810322661922,1,3
8957.863,24298.274,2196.741,20.59,0.6243864261845902,1,3
8930.563,24627.445,2054.387,13.68,-0.6241447422049652,1,1
8924.209,24627.843,2031.246,14.94,-0.3420036948531023,1,1
9152.766,24355.446,2230.672,19.37,0.4556651674010069,3,3
9155.745,24355.58,2224.617,15.19,-0.2939857808389507,3,3
9180.714,24356.306,2174.219,24.99,1.148563289078687,3,3
9197.462,24356.766,2140.671,15.33,-0.2523108519316565,3,3
8807.414,24174.927,2217.905,27.23,1.391105851990031,1,1
8958.077,26002.033,2029.32,13.68,-0.6241447422049652,3,2
8960.428,26002.092,2023.8,14.71,-0.3940638900555009,3,2
8963.652,26002.106,2016.206,14.27,-0.4864803604206454,3,2
8992.698,26002.844,1947.064,14.91,-0.3507445939031477,3,2
8996.123,26002.921,1938.742,14.15,-0.5149233167586907,2,2
8997.83,26002.977,1934.578,19.72,0.4969846938795481,3,2
8942.652,26001.84,2065.139,13.29,-0.7331557124651853,3,2
8984.644,26002.644,1966.457,11.93,-1.102992065123502,2,2
8990.693,26002.803,1951.916,13.43,-0.6895289039903829,2,2
9103.688,24222.969,2214.163,16.7,0.02007444749317332,3,3
8838.705,24444.829,2030.691,21.79,0.7507794658139368,1,1
8757.821,24449.131,2211.362,13.1,-0.758004233319085,1,1
8782.826,24447.944,2155.188,25.94,1.246453281801542,1,1
8786.526,24447.726,2146.987,22.35,0.8377115653556358,1,1
8792.371,24447.333,2133.997,19.33,0.4442910451831063,1,1
8822.176,24445.702,2067.654,25.07,1.163866010216736,1,1
8825.859,24445.511,2059.444,25.03,1.158981666275674,1,1
8822.704,24427.306,2028.489,23.01,0.9393188190188101,1,1
8825.491,24427.396,2019.932,22.85,0.9067943793260299,1,1
8964.817,25925.505,2046.141,13.96,-0.5683659069289738,3,2
8987.92,25925.161,2021.542,21.83,0.7608837905907295,3,2
9022.445,25924.554,1985.037,17.51,0.1460475087974106,3,2
9027.628,25924.428,1979.617,15.63,-0.190587417533462,3,2
9033.841,25924.226,1973.109,16.45,-0.02132928514383572,3,2
9039.528,25923.95,1967.139,12.14,-1.027246718790668,2,2
9047.278,25923.622,1958.991,9.94,-1.728010612298582,2,2
9053.483,25923.502,1952.474,13.7,-0.620375466861632,2,2
9058.647,25923.456,1947.035,11.55,-1.198557829891865,2,2
8757.574,24425.382,2228.123,12.15,-1.021408889666503,1,1
8760.629,24425.475,2218.864,17.14,0.09541976960820416,1,1
8804.128,24426.629,2085.536,17.75,0.182436774305791,1,1
8818.528,24427.158,2041.326,22.21,0.8229721372811597,1,1
9047.407,24676.31,1915.064,22.15,0.8057404550319546,2,3
9051.023,24676.315,1908.493,17.51,0.1460475087974106,2,3
9067.671,24676.056,1878.277,17.9,0.214919822566405,2,3
8920.06,24628.057,2016.055,15.49,-0.2295572527710602,1,1
8779.563,23925.581,2200.132,21.81,0.758147856620003,1,1
8797.831,23925.162,2157.374,19.43,0.4632718994091705,1,1
8815.164,23924.184,2118.308,13.74,-0.6165201278634671,1,1
8920.069,23901.01,2191.71,23.21,0.9649991407397237,1,1
8923.008,23901.075,2185.634,15.12,-0.3097425315385302,1,1
8731.821,24527.272,2173.596,27.03,1.370521568388035,1,1
9008.518,24074.246,2105.212,19.21,0.4078885672489047,1,3
9219.154,24357.531,2097.86,18.98,0.3628502975135263,3,3
8869.958,24349.629,2066.131,14.89,-0.3572951360610405,1,1
8667.035,24313.092,2076.635,27.58,1.434575273295981,1,1
9037.145,26200.538,2099.925,24.84,1.135284209184952,3,2
9102.987,26028.135,2062.038,16.93,0.07002875610114666,3,2
9005.364,26082.263,2029.09,15.98,-0.1194676034284659,3,2
9032.859,26082.279,1939.464,20.66,0.6338139018513403,3,2
9035.226,26082.284,1931.561,15.94,-0.1258687795607825,3,2
8955.128,26001.97,2036.216,14.82,-0.3687302925950997,3,2
8956.311,26001.992,2033.459,12.03,-1.056725292304775,3,2
9108.044,26028.052,2069.483,8.35,-2.224349129733014,3,2
8959.98,23997.936,2180.261,23.04,0.945616266743319,1,1
8965.303,25651.467,1930.548,19.28,0.4266014112294761,3,2
9149.375,26219.78,2212.197,22.38,0.8433821023452386,3,2
9120.927,26219.433,2172.615,18.04,0.2355088459892283,3,2
9073.354,26218.06,2105.232,14.11,-0.5253452800674353,3,2
9078.095,26200.116,2197.422,15.03,-0.3282234180154029,3,2
9069.376,26200.23,2176.681,17.5,0.1371769993450495,3,2
9062.98,26200.327,2161.471,23.86,1.049379491170712,3,2
8977.582,26082.385,2116.27,22.61,0.87719564638236,3,2
9011.49,24775.918,1951.248,17.67,0.1698312592412497,2,3
9153.816,26026.939,2136.298,14.88,-0.3588466543170519,3,2
8877.757,24201.427,2189.489,18.07,0.2419630314331279,1,1
9136.188,26199.911,2150.915,13.25,-0.7392254407660958,3,2
9138.644,26199.808,2146.276,10.01,-1.707270278796374,3,2
9142.156,26199.681,2139.65,12.89,-0.8135015382413255,3,2
9149.529,26199.436,2125.735,13.53,-0.6555328933090335,3,2
8852.399,24349.463,2113.214,17.99,0.2242160858214483,1,1
8933.049,24319.965,2060.843,20.97,0.670557440622858,1,1
9190.092,24356.682,2155.433,20.25,0.5613270940379927,3,3
8912.167,24321.388,2124.226,17.61,0.1650954314192633,1,1
8999.07,26082.345,2049.125,23.01,0.9393188190188101,3,2
9112.676,26027.976,2076.309,11.14,-1.314035807859399,3,2
9038.108,25825.168,2061.252,14.21,-0.5049079009515376,3,2
9032.537,25825.339,2050.625,13.66,-0.6299372622996398,3,2
8989.616,25665.766,2006.477,15.67,-0.177921159278518,3,2
8987.36,25664.471,1999.443,12.37,-0.9856104168672697,2,2
9076.056,25801.077,1987.96,14.92,-0.3485568816639569,3,2
9068.134,25800.968,1977.03,14.35,-0.4654627453373401,3,2
8995.104,25925.052,2013.885,14.64,-0.4171983163030349,3,2
9006.418,25924.882,2001.877,16.44,-0.02421020229808423,3,2
9011.581,25924.772,1996.438,17.65,0.1675439277883849,3,2
8655.017,24198.726,2239.37,21.28,0.715217795675016,1,1
8734.473,24527.444,2161.126,29.8,1.609546051908084,1,1
8912.954,26001.397,2132.369,11.86,-1.111702077538644,3,2
9140.399,26199.735,2142.963,14.01,-0.551075993139237,3,2
9098.779,26028.216,2055.83,12.71,-0.8549921049888526,3,2
8741.088,23874.012,2208.138,9.79,-1.775490132169744,1,1
8988.968,23972.391,2137.085,24.47,1.111702077538644,1,3
8992.765,23972.262,2129.762,28.65,1.52228953536462,1,3
8765.762,24075.798,2166.192,16.04,-0.1051507905301791,1,1
8997.172,24074.803,2136.993,18.42,0.2835219254966291,1,3
8836.214,24101.833,2127.515,18.4,0.2783016875657953,1,1
8841.025,24101.627,2114.103,16.87,0.05397264705241303,1,1
8641.06,24123.929,2077.261,25.85,1.236345259728361,1,1
9013.939,24775.825,1944.16,20.99,0.6768541480424047,2,3
9035.75,24775.16,1880.285,12.49,-0.9339099412610544,2,3
9159.127,24129.376,2182.39,17.79,0.1925765131493312,3,3
9179.264,24130.655,2139.665,14.65,-0.4149740232710056,3,3
9183.725,24130.856,2130.162,12.49,-0.9339099412610544,3,3
9156.556,24129.259,2187.81,17.58,0.1549963527865979,3,3
9162.016,24129.48,2176.29,30.12,1.637747232255806,3,3
9170.338,24130.014,2158.663,34.46,1.924846792355398,3,3
9175.761,24130.412,2147.131,20.0,0.5371948837861429,3,3
8847.425,24101.442,2096.481,12.62,-0.8852417251518657,1,1
8785.346,24047.143,2021.302,12.42,-0.9577545791842954,1,1
8793.115,24318.93,2002.252,14.24,-0.4992296376600526,1,1
8913.725,24031.087,2052.756,20.39,0.5909490574270496,1,1
8786.483,24319.368,2019.785,20.27,0.5731153914071752,1,1
8884.988,24247.746,2036.514,13.55,-0.6518243142461582,1,1
8879.561,24247.899,2048.874,14.82,-0.3687302925950997,1,1
8774.803,24047.272,2041.178,11.04,-1.35928647160371,1,1
8779.363,24047.205,2032.561,14.42,-0.4537929661618792,1,1
8775.509,24114.231,1989.418,13.8,-0.602943093848241,1,1
8777.709,24114.029,1983.84,32.82,1.807270001510549,1,1
9108.006,24519.509,1893.974,19.94,0.5297486869848409,2,3
8771.303,24047.357,2047.811,15.29,-0.2622725892944967,1,1
8918.981,24025.773,2037.209,28.5,1.497843624110341,1,1
9047.871,24559.356,1867.693,36.18,1.996925727497094,1,3
9050.986,24556.85,1862.254,17.51,0.1460475087974106,2,3
9061.528,24624.24,1860.012,19.81,0.5064271353937152,2,3
8742.645,24117.233,2073.149,25.01,1.152156756087444,1,1
8743.736,24117.138,2070.357,18.04,0.2355088459892283,1,1
8934.987,24174.008,2144.122,26.47,1.304503874413654,1,1
8944.375,24173.446,2116.425,40.76,2.350688001979069,1,1
8719.181,24438.453,2057.206,16.24,-0.07157147317761985,1,1
9007.721,24662.656,1909.961,12.37,-0.9856104168672697,2,1
9023.477,24624.826,1930.664,24.45,1.10469003115301,1,3
9051.551,24624.478,1878.49,14.69,-0.4060788237506921,2,3
9015.873,24662.68,1896.485,19.9,0.5149233167586906,2,1
9025.192,24662.58,1881.086,16.91,0.06753502747994719,2,1
8871.098,24248.095,2068.092,19.27,0.4197409936702002,1,1
8875.938,24247.998,2057.112,26.26,1.276002639147098,1,1
8957.948,24172.72,2076.685,23.22,0.9694267073728421,1,1
8960.373,24172.572,2069.59,18.96,0.3591137124426887,1,1
9031.987,24572.199,1895.496,16.76,0.03262457282938153,2,3
9038.882,24566.607,1883.405,18.79,0.3376430663011115,2,3
8785.958,24113.324,1962.919,17.09,0.0886092625004241,1,1
8779.911,24113.862,1978.261,34.08,1.879879566192314,1,1
8803.01,24111.722,1919.688,20.89,0.6625115576692301,1,1
8792.419,24046.976,2008.075,14.79,-0.3816746537655626,1,1
8817.962,24046.19,1960.505,19.2,0.4057429144216658,1,1
9035.434,24569.402,1889.45,18.64,0.3094895578435423,2,3
8859.372,24044.437,1884.014,16.35,-0.0514675424390372,1,1
8805.478,24111.481,1913.41,24.12,1.074884792871027,1,1
8809.588,24111.111,1902.944,17.85,0.2098059701942218,1,1
8826.565,24109.496,1859.684,19.46,0.4682610324892895,1,1
8829.296,24109.23,1852.705,19.0,0.3664784023379054,1,1
8832.567,24108.902,1844.326,20.75,0.6425349080547621,1,1
9016.357,24168.312,1905.692,17.49,0.1300218310645541,2,1
9111.965,24515.728,1884.145,17.37,0.1194676034284659,2,3
9114.617,24513.223,1877.592,19.02,0.370901751289097,2,3
9116.205,24511.717,1873.66,30.15,1.644039238196234,2,3
8561.307,24497.839,2198.747,23.17,0.9610328273992662,1,1
8564.355,24497.695,2192.726,18.75,0.3308725717264193,1,1
8577.169,24497.232,2167.275,27.4,1.418118550622488,1,1
8627.913,24550.637,2142.35,29.77,1.60577904436056,1,1
9146.751,24123.578,2068.482,29.95,1.621824003379337,3,3
9149.672,24123.491,2062.397,25.72,1.227728874874547,3,3
8951.397,23901.904,2126.89,24.43,1.101675181092702,1,1
8961.127,23902.129,2106.604,22.64,0.8825606298864735,1,1
8970.856,23902.343,2086.318,20.97,0.670557440622858,1,1
8989.084,23902.842,2048.483,16.28,-0.06036999966627126,1,1
8991.695,23902.881,2043.081,21.2,0.7039217888285135,1,1
8840.499,23824.705,2137.124,18.7,0.3176495935110938,1,1
8873.375,23825.73,2080.773,20.94,0.6658666763033279,1,1
8880.876,23825.9,2067.785,31.82,1.75778841130828,1,1
8819.19,23923.969,2109.431,21.64,0.7418625517725864,1,1
8840.582,23922.26,2063.168,12.25,-1.00833615920666,1,1
8845.687,23921.781,2052.319,19.28,0.4266014112294761,1,1
8852.094,23921.115,2038.772,26.81,1.346385644444869,1,1
9253.864,24358.185,2031.381,23.04,0.945616266743319,3,3
9072.375,24675.936,1869.738,15.53,-0.219658647139327,2,3
8836.671,23824.68,2143.574,17.6,0.1587398075978676,1,1
8824.275,24236.745,2024.601,23.05,0.9505292832151184,1,1
9251.887,24316.11,2048.904,19.36,0.4534200446604356,3,3
9257.55,24315.604,2029.469,21.45,0.7284354867460292,3,3
8860.117,24230.231,1942.308,17.78,0.1904804306667891,1,1
8904.556,24349.538,1977.39,15.19,-0.2939857808389507,1,1
8914.723,24349.393,1952.378,23.31,0.9862383071886068,1,1
8925.125,24349.269,1927.463,13.63,-0.6396684285059698,2,1
8877.078,24442.152,1943.555,14.51,-0.4358048659849779,1,1
8880.378,24441.928,1935.997,20.01,0.5395738294451159,1,1
8885.185,24441.573,1925.008,15.84,-0.1422444953432984,1,1
8843.73,24074.045,2027.635,14.26,-0.4921368228083809,1,1
8846.318,24074.012,2023.067,17.6,0.1587398075978676,1,1
8877.449,24100.683,2017.235,21.06,0.6838726642609998,1,1
8888.9,24100.268,1988.7,21.65,0.7442256019762009,1,1
8890.531,24148.209,1975.815,15.61,-0.1957001783012041,1,1
8734.442,24193.776,2019.323,15.1,-0.3163303832842014,1,1
8745.786,24193.135,1988.341,19.93,0.526416867571128,1,1
8858.563,23920.401,2025.258,13.07,-0.7637910187671614,1,1
8879.322,24072.778,1965.062,19.92,0.5206614945725153,1,1
8881.932,24072.704,1960.507,18.44,0.2887499011570309,1,1
8887.524,24072.484,1950.748,17.48,0.1289886996539139,1,1
8900.55,24071.818,1927.968,20.47,0.6147362041397326,1,1
8913.843,24099.523,1929.225,16.16,-0.08656993278832896,1,1
9173.8,24122.804,2012.421,13.45,-0.6843013033056933,2,3
9178.382,24122.704,2002.974,22.69,0.8883093448377877,3,3
8668.529,24121.847,2008.312,38.45,2.119587883512825,1,1
8685.462,24120.51,1965.833,17.76,0.1854796339652766,1,1
8687.948,24120.308,1959.56,18.19,0.2665451706764768,1,1
9054.136,23970.673,2009.533,20.02,0.5437891346358885,1,3
9042.363,24071.609,2009.029,13.79,-0.6119957936995944,2,3
9002.121,23903.192,2021.466,15.5,-0.2252024008381489,1,1
8920.624,24130.129,1952.606,19.92,0.5206614945725153,1,1
8934.285,24130.209,1925.898,16.88,0.05899893930614265,1,1
8859.099,24170.392,2054.195,14.5,-0.4403831045648589,1,1
8937.74,24130.177,1919.241,24.75,1.127089787901777,1,1
9011.236,23903.526,2002.55,17.8,0.1982584699798983,1,1
8873.481,24168.283,2010.025,15.72,-0.1652097227769321,1,1
8886.69,24165.944,1969.435,15.09,-0.3216541084728091,1,1
9078.23,24258.816,1982.143,15.26,-0.2704854790272211,2,3
9096.501,24257.215,1959.358,15.21,-0.2836629190893769,2,3
9102.178,24256.756,1952.39,17.18,0.1026585949325183,2,3
9107.69,24256.239,1945.614,11.01,-1.380321478262939,2,3
8838.963,24221.679,1981.696,14.74,-0.3900367463027029,1,1
8842.885,24221.474,1975.307,15.56,-0.2133548062126168,1,1
8856.31,24220.955,1953.633,14.69,-0.4060788237506921,1,1
8960.924,24252.39,1996.617,14.54,-0.4323886894960038,1,1
8734.521,24300.761,2042.405,17.73,0.1781188711335181,1,1
8748.858,24300.327,2009.387,16.15,-0.0886092625004241,1,1
8804.2,24365.009,2012.1,11.99,-1.082239454582988,1,1
8807.668,24364.744,2005.456,10.04,-1.689489782032061,1,1
8836.935,24362.464,1949.713,17.82,0.2033789661433501,1,1
8893.539,24395.664,1958.242,13.97,-0.5659488219328631,1,1
8897.046,24395.417,1950.778,16.23,-0.07412472561501635,1,1
8966.49,24317.477,1958.97,8.99,-2.03636399373036,2,1
9003.374,24252.242,1921.542,25.48,1.204916615613179,1,1
9134.86,24296.995,2013.845,20.37,0.5856830549538278,3,3
8952.012,24318.582,2003.145,13.85,-0.5849838760189251,1,1
8956.229,24318.294,1990.324,15.73,-0.161281273349864,1,1
8959.972,24317.988,1978.927,15.28,-0.2644133675473755,1,1
8916.173,24070.966,1900.628,12.41,-0.9608914525692063,2,1
8918.775,24070.815,1896.071,18.43,0.285770212774194,1,1
8921.746,24070.609,1890.862,17.23,0.1109254357988463,1,1
8923.597,24070.474,1887.604,18.02,0.226489376607492,1,1
8953.526,24348.31,1862.128,19.01,0.3683236227793581,2,1
9023.616,23903.9,1976.882,19.32,0.4417658421101638,1,1
8501.429,24547.319,2167.918,14.93,-0.3443360084220032,1,1
9263.755,24358.377,2012.857,12.83,-0.8266977298382984,2,3
9185.224,24122.453,1988.79,10.5,-1.513588931527053,2,3
8915.114,23826.561,2007.883,15.22,-0.280910849646044,1,1
8922.179,24099.365,1909.951,12.02,-1.061884134877072,2,1
8924.589,24099.355,1904.456,9.63,-1.824555935803749,2,1
8907.185,24219.151,1872.245,15.33,-0.2523108519316565,2,1
8878.257,24226.568,1902.942,15.36,-0.2458403691027278,1,1
9006.772,24252.234,1915.71,14.14,-0.5182708703790511,2,1
8470.681,24548.674,2216.781,13.52,-0.6580429849889554,1,1
8939.214,24392.789,1861.248,16.4,-0.0351351513638127,2,1
9152.833,24174.47,1958.964,17.15,0.09715268159627061,2,3
9155.836,24216.659,1940.159,19.28,0.4266014112294761,2,3
8896.255,24222.602,1865.202,13.95,-0.5731153914071754,2,1
8899.503,24221.889,1858.479,12.92,-0.8057535137952362,2,1
9381.413,24277.62,2051.869,22.96,0.9280655716942262,3,3
8949.715,23993.993,1945.289,16.96,0.0741464121211648,1,1
8780.821,24002.892,2071.277,8.94,-2.056923755387721,1,1
8782.457,24001.439,2063.323,10.64,-1.477844976634344,1,1
8789.914,23994.595,2026.436,16.5,-0.01505539320769846,1,1
8796.043,23988.864,1996.075,13.81,-0.5956925307055722,1,1
9000.266,24091.429,2032.723,14.15,-0.5149233167586907,1,1
9012.104,24089.928,1994.807,18.28,0.2730007367182499,1,1
9014.337,24089.653,1987.652,18.98,0.3628502975135263,1,1
9071.058,24122.195,1986.204,14.17,-0.5112223043304447,2,3
9018.14,24089.179,1975.492,14.09,-0.5350828150863223,2,1
9020.374,24088.89,1968.338,10.68,-1.469168580365964,2,1
9023.708,24088.436,1957.603,16.0,-0.1118896402415854,2,1
9025.481,24088.188,1951.876,13.31,-0.7204233659374076,2,1
9069.221,24122.256,1991.916,21.8,0.7546642694731029,1,3
9074.273,24122.088,1976.209,15.55,-0.2162038805648955,2,3
8438.375,24571.334,2246.066,11.94,-1.100909698511587,1,1
8490.368,24568.164,2158.372,23.42,0.9945305607396067,1,1
8494.531,24567.853,2151.256,16.69,0.01505539320769874,1,1
8485.449,24568.569,2166.781,19.32,0.4417658421101638,1,1
8473.656,24569.378,2186.801,15.25,-0.2727850657033312,1,1
9254.922,24134.759,1977.219,16.37,-0.04894771798160358,2,3
8845.744,24167.205,1912.729,12.54,-0.918915904513008,1,1
8967.604,24088.525,1989.915,15.57,-0.2098059701942218,1,1
8817.248,23969.413,2057.557,12.77,-0.8409063506463136,1,1
8974.29,24017.673,2066.891,21.37,0.7256915417555528,1,1
9096.281,24138.756,2022.517,15.02,-0.3309640484312467,2,3
8978.692,24087.405,1962.061,12.01,-1.070744597069211,2,1
8978.659,24016.451,2055.782,13.4,-0.699854356105755,1,1
8980.577,24015.943,2050.922,11.29,-1.256459886564349,2,1
8916.527,23921.421,2099.665,7.67,-2.494568557312722,2,1
8943.819,23875.383,2120.34,11.7,-1.143397564533024,1,1
8957.02,23875.251,2087.656,12.0,-1.075206508188439,1,1
8946.499,23919.774,2033.397,11.22,-1.266722545424608,1,1
8770.119,24028.886,2027.963,13.56,-0.6480400230998983,1,1
8686.214,24023.728,2025.475,10.99,-1.39120205536241,1,1
9217.543,24286.36,2043.329,19.29,0.430727299295462,3,3
9154.38,24072.652,2140.141,9.0,-2.032193644459337,2,3
9156.298,24072.587,2136.07,10.92,-1.418337892932832,2,3
9158.217,24072.496,2132.001,11.06,-1.346385644444869,2,3
8954.578,23919.209,2015.659,16.95,0.07243398178466413,1,1
8940.445,23875.363,2128.684,10.49,-1.521569838220731,1,1
9056.484,24610.344,1870.814,12.58,-0.9070802442763028,2,3
9060.01,24610.204,1862.535,13.29,-0.7331557124651853,2,3
8636.434,24052.389,2019.525,13.88,-0.5780677329716948,1,1
8731.587,24083.914,1976.15,18.73,0.3263463996055159,1,1
8727.382,24087.657,1990.859,15.14,-0.305529219879648,1,1
8739.743,24076.627,1947.411,12.55,-0.9161162772224105,1,1
8743.29,24073.451,1934.778,10.13,-1.620661233462344,1,1
8688.517,24023.68,2019.13,12.46,-0.941567582958243,1,1
8714.082,24022.434,1948.633,13.02,-0.7748328448180759,1,1
8718.166,24022.232,1937.351,10.69,-1.465233792685522,1,1
8722.241,24022.013,1926.066,14.63,-0.4192383704769778,1,1
8786.477,23934.932,1944.028,15.18,-0.2965082251266319,1,1
8915.496,23950.1,2020.819,18.44,0.2887499011570309,1,1
8919.536,23950.073,2011.946,20.17,0.5558140025179099,1,1
8938.494,23950.251,1970.309,18.69,0.3137715137338839,1,1
8947.112,23950.233,1951.434,15.77,-0.1549670539383086,1,1
8781.823,23935.904,1952.54,15.23,-0.275694418715956,1,1
9161.416,24072.359,2125.219,12.6,-0.8957798188835894,3,3
9163.016,24072.298,2121.828,10.09,-1.652060748790466,2,3
9165.9,24072.186,2115.726,9.18,-1.983232554621794,2,3
9168.466,24072.085,2110.304,13.85,-0.5849838760189251,3,3
9173.623,24071.924,2099.469,14.05,-0.5439996628387026,3,3
9176.841,24071.794,2092.696,12.11,-1.041702424213223,2,3
9180.068,24071.678,2085.927,15.56,-0.2133548062126168,3,3
8774.455,24024.665,1998.579,14.85,-0.3628502975135264,1,1
8775.724,24023.401,1989.759,11.83,-1.116272563659379,1,1
8772.405,24026.661,2012.539,7.4,-2.639179037113737,1,1
8773.274,24025.824,2006.662,12.07,-1.049318477927472,1,1
8779.214,24020.024,1965.491,12.4,-0.9694267073728421,1,1
8781.53,24017.787,1949.308,9.57,-1.843661464984622,1,1
9215.861,24070.657,2011.603,13.86,-0.5809990273324602,2,3
9220.123,24070.532,2002.835,12.9,-0.8091681743595582,2,3
9230.665,24070.33,1981.277,9.95,-1.724832427660555,2,3
9028.363,24087.778,1942.571,16.25,-0.06654121327814211,2,1
9236.176,24268.846,1986.575,17.08,0.08662178555360578,2,3
8543.622,24503.872,2175.539,14.69,-0.4060788237506921,1,1
9062.647,23829.304,2038.628,10.5,-1.513588931527053,2,3
9073.204,23829.765,2020.481,14.09,-0.5350828150863223,2,3
9076.994,23829.874,2014.01,10.89,-1.425010540789546,2,3
8973.732,23899.347,1979.303,15.73,-0.161281273349864,1,1
8541.258,24506.154,2187.081,12.37,-0.9856104168672697,1,1
8506.298,24607.488,2208.563,11.82,-1.119971798610717,1,1
9305.318,24450.593,2026.895,14.41,-0.458425678584765,3,3
9293.23,24451.022,1999.443,11.97,-1.09327226998786,2,3
9287.816,24451.222,1987.077,10.23,-1.571286497576911,2,3
9279.395,24451.613,1967.844,14.0,-0.5583922312531167,2,3
9272.49,24451.766,1952.037,19.34,0.446588204506179,3,3
9302.892,24450.605,2021.408,10.71,-1.453297341572029,2,3
9299.866,24450.734,2014.547,11.64,-1.181402356419907,2,3
8831.345,23913.908,1921.888,18.18,0.2626857606837368,1,1
8832.565,23913.803,1919.149,16.09,-0.09744321268839758,1,1
9057.372,23829.119,2047.705,22.66,0.8850545280590306,1,3
9043.083,23870.764,2053.425,14.59,-0.4281187725255599,1,3
9047.573,23870.611,2042.298,8.69,-2.146185108182812,2,3
8725.293,24021.845,1917.601,12.63,-0.8828264314051188,1,1
9198.513,24071.155,2047.364,12.48,-0.938050782929246,2,3
8811.311,24128.952,1917.594,10.12,-1.628361406716907,2,1
8816.785,24128.346,1904.452,15.69,-0.1701847241123691,1,1
8828.403,24127.12,1876.82,11.86,-1.111702077538644,2,1
8838.937,24126.07,1851.982,14.55,-0.4307272992954574,1,1
8841.273,24125.82,1846.461,16.58,-0.00571306705811977,1,1
8970.574,24132.092,1904.999,12.93,-0.802225683044881,2,1
8855.097,24166.407,1888.215,10.04,-1.689489782032061,2,1
8857.495,24166.156,1881.911,16.14,-0.08985632378335982,1,1
8947.253,24214.686,1905.708,15.17,-0.2986739513287914,2,1
8954.556,24213.976,1890.929,13.29,-0.7331557124651853,2,1
9316.469,24319.931,2043.573,10.07,-1.675199599225067,2,3
9195.265,24071.264,2054.124,9.87,-1.748024586582879,2,3
8866.477,24270.471,1884.994,13.39,-0.7045078156137748,2,1
8885.621,24219.902,1906.517,15.44,-0.2327108461351423,1,1
8941.211,24130.146,1912.592,11.44,-1.215372047299776,2,1
8830.285,23869.538,1919.39,14.41,-0.458425678584765,1,1
8833.455,23869.214,1909.385,16.71,0.02469835587617805,1,1
8905.095,23646.929,1975.309,15.9,-0.1321130235613776,1,1
8910.914,23641.085,1954.375,15.64,-0.1854796339652768,1,1
9052.065,23870.476,2031.171,8.54,-2.17949924459848,2,3
9056.009,23870.267,2021.442,10.79,-1.439531470938456,2,3
9209.19,24087.969,2030.146,13.98,-0.56384890775444,2,3
9060.226,23870.151,2011.014,12.86,-0.8196556973718009,2,3
9203.414,24071.012,2037.239,15.69,-0.1701847241123691,2,3
9219.9,24078.087,1982.84,14.41,-0.458425678584765,2,3
9321.064,24317.342,2033.641,11.09,-1.333635318296328,2,3
8518.357,24535.207,2191.82,15.69,-0.1701847241123691,1,1
9031.208,23853.79,2037.9,13.02,-0.7748328448180759,1,3
9033.523,23853.765,2034.042,17.05,0.08415533089046491,1,3
9036.97,23853.724,2028.238,12.27,-1.004634485475188,2,3
9040.417,23853.68,2022.435,14.26,-0.4921368228083809,1,3
9045.014,23853.615,2014.698,11.45,-1.209598602429869,2,3
9048.08,23853.566,2009.541,11.36,-1.242060572463501,2,3
9051.927,23853.501,2003.102,11.18,-1.289029879437005,2,3
9054.236,23853.461,1999.241,10.14,-1.615000184195037,2,3
9056.929,23853.411,1994.734,9.9,-1.73863444204718,2,3
8961.726,23981.918,1910.205,10.32,-1.554576869405423,2,1
8969.57,23973.922,1887.297,13.36,-0.709792997186554,2,1
8876.077,24164.252,1832.846,18.48,0.2930973940759224,1,1
8646.497,24158.956,1988.626,15.31,-0.2563412254629562,1,1
9022.204,24167.736,1888.677,10.61,-1.484584330840506,2,1
9024.878,24167.457,1880.878,13.5,-0.6674190444558503,2,1
8693.004,24223.079,1995.765,14.32,-0.4713338554851223,1,1
8699.736,24222.669,1978.27,14.0,-0.5583922312531167,1,1
8661.207,24271.382,2017.558,15.97,-0.1217000693557415,1,1
8771.917,24341.388,1983.746,13.49,-0.6768541480424047,1,1
9117.012,24344.766,1883.519,12.4,-0.9694267073728421,2,3
8677.358,24270.935,1983.718,13.64,-0.6363865203698571,1,1
8670.902,24271.122,1997.256,16.72,0.02657105714483924,1,1
8673.808,24271.037,1991.164,10.8,-1.438394800013568,1,1
8663.793,24271.303,2012.145,11.06,-1.346385644444869,1,1
8708.051,24371.266,2038.544,12.04,-1.05317019769273,1,1
8735.31,24370.994,1985.937,12.99,-0.7884553079874755,1,1
8614.124,24379.01,1992.622,18.88,0.3427895916276211,1,1
9194.897,24406.244,1926.593,11.67,-1.161975922668127,2,3
8752.847,24425.28,2002.721,11.36,-1.242060572463501,1,1
8762.858,24425.181,1982.572,19.35,0.4500801451366228,1,1
9011.326,24430.291,1851.785,11.02,-1.371657225572654,2,1
8732.738,24437.315,2033.885,14.06,-0.5408824784439604,1,1
8736.876,24437.016,2026.754,18.16,0.2549019905594725,1,1
9117.538,24510.469,1870.385,20.35,0.5825602270980584,2,3
9118.606,24509.471,1867.765,11.34,-1.248263713316413,2,3
9121.002,24507.214,1861.872,9.63,-1.824555935803749,2,3
9122.859,24375.877,1883.094,14.19,-0.5086207269222242,2,3
9134.893,24363.279,1849.887,12.95,-0.7949754014084768,2,3
9136.585,24361.521,1845.239,10.24,-1.562654355696742,2,3
9139.233,24358.71,1837.948,14.79,-0.3816746537655626,2,3
9141.639,24356.146,1831.323,20.27,0.5731153914071752,2,3
8808.773,24729.575,2029.593,18.03,0.2304604532843844,1,1
8810.76,24727.791,2025.073,7.66,-2.513130324099421,2,1
8813.026,24725.759,2019.902,11.19,-1.285303146435771,1,1
8817.882,24721.479,2008.917,9.2,-1.973088937986108,2,1
8819.033,24720.48,2006.333,13.8,-0.602943093848241,1,1
9061.054,24563.968,2009.049,15.81,-0.1469265338837124,2,3
9067.508,24557.872,1993.39,38.9,2.19773641763538,3,3
9070.154,24555.289,1986.865,12.02,-1.061884134877072,2,3
9075.78,24549.959,1973.154,13.79,-0.6119957936995944,2,3
9079.791,24546.163,1963.353,13.43,-0.6895289039903829,2,3
9081.41,24544.66,1959.432,30.78,1.702455835777807,3,3
9083.831,24542.408,1953.547,12.8,-0.8373383608517686,2,3
9086.529,24539.921,1947.007,11.13,-1.321945840856701,2,3
9016.245,24708.013,1982.281,9.7,-1.798369451955813,2,3
9021.702,24702.388,1971.289,11.68,-1.149741757043592,2,3
9025.951,24698.041,1962.728,11.31,-1.253078807234346,2,3
9048.174,24676.017,1918.718,11.66,-1.174386524713683,2,3
9051.265,24672.93,1912.621,12.22,-1.014343349048001,2,3
9060.057,24664.395,1895.567,9.74,-1.787630836372452,2,3
9075.951,24423.354,2011.529,7.89,-2.363441067893672,2,3
9077.702,24421.717,2006.858,11.13,-1.321945840856701,2,3
8865.737,24629.864,2019.274,14.13,-0.520626108650797,1,1
8875.921,24619.887,1987.036,11.68,-1.149741757043592,2,1
9112.566,24619.757,1968.018,12.37,-0.9856104168672697,2,3
9115.829,24616.684,1959.36,13.8,-0.602943093848241,2,3
9118.809,24613.853,1951.353,14.66,-0.4131997350937076,2,3
9121.999,24610.754,1942.677,13.83,-0.5894557978497783,2,3
8962.819,24662.835,1984.476,10.1,-1.644058090999434,2,1
8968.225,24662.813,1975.474,11.09,-1.333635318296328,2,1
8974.406,24662.809,1965.188,13.32,-0.7177581787980639,2,1
8889.461,24763.972,2009.553,12.51,-0.9280655716942258,2,1
8902.971,24763.923,1986.177,9.84,-1.757587428145114,2,1
8920.921,24763.773,1954.972,11.23,-1.263616640387149,2,1
8938.76,24763.653,1923.703,11.42,-1.225942748902993,2,1
8825.364,24714.987,1992.121,10.96,-1.403395411588901,2,1
8841.403,24700.765,1956.003,9.81,-1.768523327745304,2,1
9030.198,24610.982,1932.982,13.15,-0.7513327030392748,2,3
9033.402,24610.952,1925.379,13.58,-0.6450675440891378,2,3
9038.347,24610.842,1913.628,10.93,-1.414111373622122,2,3
9042.71,24610.727,1903.259,13.21,-0.7428611994902141,2,3
9047.672,24610.612,1891.515,11.61,-1.190333519401017,2,3
9031.17,24775.329,1893.778,12.99,-0.7884553079874755,2,3
8919.965,24898.479,1913.068,10.54,-1.502357035134622,2,1
8924.477,24898.492,1907.077,15.79,-0.1523905895074676,2,1
8933.065,24898.483,1895.706,12.67,-0.8717209408523533,2,1
8861.711,25025.261,1986.844,14.85,-0.3628502975135264,2,1
9002.93,24676.782,1995.881,16.31,-0.05522908732975686,2,3
9054.275,24676.26,1902.578,11.08,-1.337968476292916,2,3
9058.611,24676.207,1894.692,14.93,-0.3443360084220032,2,3
8958.668,23853.98,2158.807,14.47,-0.4470164307493195,1,1
8964.426,23854.005,2149.143,12.24,-1.010738512659328,1,1
8969.034,23854.026,2141.412,10.34,-1.549229939737665,1,1
8971.719,23854.041,2136.9,8.77,-2.104858853812732,1,1
8847.905,23879.948,2186.562,12.59,-0.9036962670834459,1,1
8849.716,23879.989,2181.634,15.27,-0.2665451706764765,1,1
8851.529,23880.029,2176.707,9.47,-1.87651744782999,1,1
8853.603,23880.074,2171.077,8.1,-2.301350789706848,1,1
8858.792,23880.171,2157.003,10.38,-1.537142108718256,1,1
8862.169,23880.222,2147.857,16.09,-0.09744321268839758,1,1
8863.994,23880.246,2142.935,12.12,-1.035789621854488,1,1
8865.826,23880.268,2138.015,11.44,-1.215372047299776,1,1
8871.337,23880.334,2123.261,16.4,-0.0351351513638127,1,1
8873.95,23880.354,2116.23,14.29,-0.4809642997844999,1,1
8877.882,23880.378,2105.69,13.04,-0.7680753131709815,1,1
8879.989,23880.389,2100.072,15.75,-0.157050238764692,1,1
9291.938,24379.4,2155.181,13.65,-0.632448889604271,3,3
9294.915,24376.584,2143.903,13.49,-0.6768541480424047,3,3
9299.854,24371.764,2124.865,13.38,-0.7066101877168594,3,3
9057.842,24440.585,2060.239,9.44,-1.899709412987536,2,3
9009.193,24300.667,2149.88,22.46,0.8551807022943996,1,3
9243.957,24363.5,2202.451,11.03,-1.364488748170328,3,3
9247.84,24361.067,2193.845,10.18,-1.603176097641763,3,3
9249.977,24359.829,2189.212,26.76,1.333901041075638,3,3
9254.505,24357.074,2179.289,25.19,1.17240070414692,3,3
9285.306,24366.618,2145.205,12.3,-0.9979196589738004,3,3
9287.55,24364.498,2138.37,11.79,-1.130945941008721,3,3
8694.422,24347.557,2216.346,7.22,-2.742936808823076,1,1
8696.823,24347.366,2209.244,8.71,-2.139429001325505,1,1
9158.636,24341.304,2215.953,22.6,0.8726966864475555,3,3
9162.641,24337.538,2204.449,8.46,-2.198169834715576,3,3
9164.294,24335.979,2199.716,11.67,-1.161975922668127,3,3
9180.982,24320.411,2151.606,12.52,-0.9230023012010868,3,3
8711.615,24323.878,2216.735,10.37,-1.539650822283862,1,1
8980.373,24344.277,2215.812,16.51,-0.008782093827594135,1,3
8997.988,24344.242,2173.589,18.09,0.2481784955857255,1,3
9005.987,24344.169,2154.172,12.4,-0.9694267073728421,1,3
8692.703,24425.796,2125.253,15.66,-0.1800123697927052,1,1
9140.58,24459.439,2104.53,13.67,-0.6274296025401758,3,3
9142.913,24457.177,2096.947,9.35,-1.926244887214029,2,3
9153.77,24446.729,2061.79,14.27,-0.4864803604206454,3,3
9157.78,24442.812,2048.688,13.64,-0.6363865203698571,2,3
9274.985,24344.448,2134.321,11.16,-1.301190684205984,3,3
9277.718,24342.803,2128.372,13.02,-0.7748328448180759,3,3
9280.146,24341.342,2123.084,12.73,-0.8487917549638335,3,3
9282.871,24339.699,2117.131,17.9,0.214919822566405,3,3
9368.543,24449.264,2168.679,14.3,-0.4766187439234876,3,3
9365.747,24449.329,2162.535,12.52,-0.9230023012010868,3,3
9362.958,24449.408,2156.389,15.65,-0.1821043678273699,3,3
9354.964,24449.71,2138.606,9.5,-1.86430121578632,3,3
9332.63,24276.319,2178.81,28.68,1.530562776050012,3,3
9098.067,24298.964,2181.594,15.34,-0.2496062761919705,3,3
8890.077,24322.617,2191.164,15.85,-0.1387569869190314,1,1
8624.5,24575.835,2215.167,14.84,-0.3658533947811582,1,1
8681.934,24577.886,2108.973,23.68,1.029022374056527,1,1
8708.183,24578.686,2060.08,13.41,-0.6959079368789585,1,1
8927.776,24627.605,2044.265,12.45,-0.9475799380826428,2,1
9162.051,24355.755,2211.839,13.49,-0.6768541480424047,3,3
9168.711,24355.912,2198.4,10.72,-1.450467827430492,3,3
9172.038,24356.017,2191.679,11.02,-1.371657225572654,3,3
9205.956,24320.812,2201.051,19.23,0.4115344569073104,3,3
9207.503,24320.669,2196.036,21.88,0.768832891162846,3,3
8880.615,24322.973,2219.631,11.97,-1.09327226998786,1,1
8718.327,24370.195,2177.004,13.75,-0.6150019137386227,1,1
8724.865,24369.827,2164.347,12.31,-0.9950774840601946,1,1
8714.106,24472.251,2192.373,10.89,-1.425010540789546,1,1
8721.882,24471.851,2179.553,14.25,-0.4948565360884916,1,1
8726.587,24471.714,2171.882,14.98,-0.3354651624563629,1,1
