Este,Norte,Cota,Rec_Peso_PND25_(%),Rec_Peso_PND25_(%)_nscore,cluster_con_nscore,cluster_sin_nscore
8896.836,25603.992,1514.132,12.4,-0.9734487290930867,0,0
9011.871,26029.625,1839.699,15.4,-0.2432550703085236,3,0
8913.27,25708.682,1586.962,16.1,-0.09927374872396871,0,0
8943.9,25143.9,1475.9,14.6,-0.4307272992954576,0,0
8868.632,25789.857,1652.174,15.1,-0.3216105535126583,0,0
9098.023,24980.459,1884.722,15.5,-0.2316410556979774,4,2
8654.587,25827.915,1219.739,12.0,-1.081081151414826,0,0
8862.301,25804.168,1626.027,15.5,-0.2316410556979774,0,0
8881.648,25604.292,1561.505,19.9,0.5163562651199474,0,0
8977.652,24968.162,1835.855,17.6,0.1574694601346144,0,2
8969.611,26398.533,1605.232,12.8,-0.8409063506463136,0,0
9130.378,24752.244,1804.749,17.2,0.1030567660911816,4,2
9096.264,24386.705,1414.744,17.4,0.1194676034284659,0,0
8958.958,25036.903,1489.077,13.2,-0.7513327030392748,0,0
8960.014,28475.871,1654.478,10.9,-1.426921654003231,3,0
9087.109,24910.374,1786.668,16.2,-0.08667363855178388,0,2
8904.454,24983.83,1340.92,10.7,-1.466507345781363,0,0
9065.842,24966.796,1687.697,16.4,-0.04266827932052222,0,0
9026.392,25759.923,1739.631,11.8,-1.132343904538424,0,0
8993.651,28296.3,1786.898,18.5,0.2992297324571835,3,0
8829.641,25546.81,1663.994,13.4,-0.7039217888285133,0,0
8963.463,25500.241,1775.981,17.1,0.0863677422148535,0,0
9037.527,26157.295,1819.228,18.3,0.2735075349393747,3,0
9000.904,25551.583,1707.236,16.0,-0.1182041448033766,0,0
9048.852,25906.389,1837.166,15.4,-0.2432550703085236,3,0
8900.779,25105.127,1422.067,20.4,0.602943093848241,0,0
8904.72,26212.873,1438.238,15.8,-0.1538439318738562,0,0
8963.005,25382.002,1650.13,21.2,0.708751856519529,0,0
8969.47,25376.577,1489.101,15.5,-0.2316410556979774,0,0
9047.681,26198.206,1854.555,16.9,0.05899893930614265,3,0
9000.099,28682.099,1835.974,21.2,0.708751856519529,3,0
9011.918,28098.563,1808.222,17.0,0.07410570477316283,3,0
9131.047,28290.497,2125.626,13.4,-0.7039217888285133,3,4
9128.534,27901.692,2207.938,21.8,0.7630300992592185,3,4
9084.206,28501.429,2073.464,16.8,0.03639052269320685,3,4
9114.293,28111.387,2127.225,17.4,0.1194676034284659,3,4
9005.231,28681.171,1821.113,20.6,0.6306306305335078,3,0
9012.233,28679.933,1800.558,18.7,0.320289675857082,3,0
9019.497,28098.324,1783.092,19.9,0.5163562651199474,3,0
9109.462,28291.806,2168.478,20.3,0.5805236222863163,3,4
8974.54,25226.736,1724.471,20.4,0.602943093848241,0,0
8909.568,25995.647,1686.941,22.0,0.7881330846945891,0,0
8974.095,26195.432,1590.598,14.3,-0.4822482148379231,0,0
8957.61,24802.397,1518.692,21.6,0.743327161647077,0,0
8971.927,24801.809,1480.811,10.6,-1.496271989690776,0,0
8914.196,24841.415,1368.848,19.1,0.3816746537655627,0,0
8934.162,24843.411,1320.334,10.2,-1.592393348991896,0,0
8961.6,26196.2,1628.3,23.5,1.016667270066597,0,0
8935.382,28479.261,1750.304,18.0,0.2240302296563912,3,0
9023.016,26790.971,1672.205,15.4,-0.2432550703085236,0,0
9025.886,26590.951,1763.335,14.8,-0.3803256417636312,3,0
8917.383,25155.122,1551.959,16.0,-0.1182041448033766,0,0
9103.667,24384.428,1378.819,15.1,-0.3216105535126583,0,0
8879.8,24952.633,1312.159,15.1,-0.3216105535126583,0,0
9032.406,26024.492,1749.141,14.1,-0.534175180637725,0,0
8880.246,24950.973,1284.463,14.3,-0.4822482148379231,0,0
9139.848,24752.322,1745.501,13.2,-0.7513327030392748,4,2
9047.035,26001.25,1809.462,14.8,-0.3803256417636312,3,0
8940.182,25810.498,1560.526,14.7,-0.404716808217749,0,0
8990.151,25652.673,1751.717,21.0,0.6864058136265335,0,0
8927.508,25400.771,1614.124,15.6,-0.207222833412141,0,0
8944.257,25703.791,1694.997,22.5,0.8682061057381121,0,0
8891.163,24981.964,1270.948,12.6,-0.8995338605921868,0,0
8809.253,25500.099,1630.409,16.2,-0.08667363855178388,0,0
9142.064,24752.343,1731.425,18.5,0.2992297324571835,0,2
8941.67,25807.92,1609.185,13.9,-0.5806073920023668,0,0
9047.154,25594.014,1780.753,14.9,-0.3580057866690429,0,0
9046.367,24971.701,1732.94,17.2,0.1030567660911816,0,0
9092.324,24978.542,1822.01,16.4,-0.04266827932052222,4,2
9090.823,24978.05,1805.586,18.8,0.3416775584124285,0,2
8928.308,25706.63,1639.566,12.7,-0.8661892521534974,0,0
8756.927,25807.131,1402.719,14.7,-0.404716808217749,0,0
8826.699,25796.015,1550.136,18.9,0.3481497443296034,0,0
9136.407,24778.355,1788.873,14.0,-0.5627963389464197,4,2
9070.067,24393.702,1541.627,22.8,0.91087286903535,0,0
9247.887,24437.368,1603.439,13.3,-0.7315152969860136,0,0
9144.344,24839.302,1824.939,13.1,-0.7630300992592184,4,2
9012.644,24598.74,1326.939,11.0,-1.387851771633993,0,0
9021.461,24598.706,1285.108,14.5,-0.4473052807811119,0,0
9074.611,24592.792,1465.014,14.6,-0.4307272992954576,0,0
8896.43,25710.441,1528.62,13.8,-0.6059551370107433,0,0
9137.149,24752.29,1762.539,15.4,-0.2432550703085236,0,2
9016.859,26591.985,1793.496,14.5,-0.4473052807811119,3,0
8996.684,27711.599,1746.733,15.7,-0.1725235325852888,3,0
9103.15,27700.46,2054.164,12.1,-1.047786807292261,3,4
9108.135,27700.776,2040.021,17.4,0.1194676034284659,3,4
9074.408,28501.938,2106.539,14.7,-0.404716808217749,3,4
9108.692,24382.829,1354.638,15.3,-0.2652838681602035,0,0
9049.748,25169.873,1822.406,22.2,0.8249333882852439,0,2
9084.266,25593.48,2265.255,9.34,-1.943266827405408,3,4
9038.357,25997.772,2279.299,16.47,-0.02560183333462483,3,4
9049.319,25500.22,2288.893,13.3,-0.7315152969860136,3,4
9099.841,26000.471,2305.887,26.72,1.337755575943242,2,4
9023.762,25999.419,2252.374,13.83,-0.5939395388892443,3,4
9073.272,25993.583,2205.183,14.44,-0.4568577698977627,3,4
9048.789,25399.355,2266.071,19.24,0.4166409401536473,2,4
9067.713,25092.534,2238.807,17.37,0.114414892630001,2,4
9129.889,25082.242,2244.423,25.96,1.259733350500092,2,3
9062.462,25196.688,2265.821,24.01,1.072005673809851,2,4
9043.187,25290.781,2256.849,15.79,-0.1574694601346144,2,4
9012.635,25543.847,2202.188,23.35,0.9992511756490516,2,4
8989.51,25171.782,2265.928,20.78,0.6549304836891207,2,4
9062.121,25196.402,2240.324,21.87,0.7768505251707396,2,4
9063.041,25249.811,2256.432,19.99,0.5376890151598384,2,4
9040.442,25249.48,2199.236,16.87,0.04894771798160344,2,4
9091.656,25406.911,2228.654,12.01,-1.075206508188439,3,4
9103.017,25952.407,2151.823,20.16,0.5574075160940047,3,4
8994.647,25778.889,2203.276,16.45,-0.02885908560439191,3,4
9028.434,25999.319,2244.682,24.35,1.099780121843101,2,4
9137.61,25985.487,2205.559,10.95,-1.408386944759543,3,4
9003.739,26055.202,2246.199,18.72,0.3255765657843933,3,4
9018.153,26046.195,2217.913,16.89,0.05584462215706186,3,4
9029.95,26038.633,2193.963,26.22,1.275302474602153,2,4
9116.519,26102.546,2196.693,12.65,-0.8808881195869299,3,4
9159.22,26090.522,2224.988,19.18,0.3952035232743205,3,4
9143.638,25448.903,2281.744,25.09,1.174750424711062,2,4
8971.076,25652.903,2188.753,19.89,0.5119767989801255,2,4
9131.049,26094.034,2277.766,20.45,0.6135094449805308,3,4
9047.175,25550.705,2267.937,26.99,1.371774427026201,2,4
9105.432,25553.479,2270.934,38.75,2.185662792601474,2,4
9174.171,25502.995,2270.211,28.0,1.460612446902058,2,4
9142.642,25589.465,2294.111,23.56,1.027011409171827,2,4
8991.802,25632.384,2265.648,23.6,1.032488454653673,2,4
9115.771,25797.657,2277.096,9.69,-1.812029240344281,3,4
9097.399,25847.223,2271.308,29.54,1.581998953410205,2,4
9120.984,25799.947,2233.907,17.05,0.07912030015842841,3,4
9027.802,25894.732,2272.641,25.41,1.207353248106542,2,4
9094.331,25887.782,2263.745,26.14,1.2705225515233,2,4
9090.469,25903.706,2284.083,20.03,0.5486177069377799,3,4
9132.75,25948.532,2287.515,13.34,-0.7180995327752956,3,4
9087.432,25948.323,2266.384,17.04,0.07648164442558232,3,4
9026.228,25997.111,2299.123,11.66,-1.179401750967482,3,4
9099.859,26000.602,2268.387,16.41,-0.0338798354034919,3,4
9129.744,25984.761,2296.717,16.27,-0.06804603587484066,3,4
9130.633,25984.794,2286.255,15.12,-0.3150117233426268,3,4
9131.67,25984.87,2274.3,17.42,0.1246549610277818,3,4
9151.562,26001.181,2297.13,25.87,1.247567105320063,2,4
9155.685,26001.529,2264.65,16.99,0.07246585313776963,3,4
9122.364,26046.478,2306.83,17.5,0.1359106806464805,3,4
9130.638,26046.043,2296.171,11.21,-1.275302474602153,3,4
9150.78,26044.841,2270.059,7.2,-2.752169028211249,3,4
9156.304,26044.489,2262.963,11.47,-1.209690318950794,3,4
9078.635,24937.082,2143.278,27.88,1.45538924223806,2,3
9209.18,25000.798,2162.371,22.89,0.9223302184168565,2,3
9049.107,25826.092,2218.272,19.44,0.4654243573976179,3,4
8979.955,25034.508,2152.196,26.52,1.31886257942606,2,4
9044.492,25146.143,2179.372,26.98,1.367858416142655,2,4
8881.722,25294.717,2164.516,38.46,2.141884075952025,2,4
8901.546,25277.669,2177.68,37.59,2.096116409077721,2,4
9011.123,25507.842,2100.682,27.1,1.39120205536241,2,4
9062.929,25696.995,2100.967,27.68,1.447832132511848,2,4
9256.22,24697.001,2216.589,23.25,0.9836143965617342,2,3
9166.261,25072.189,2168.542,23.79,1.044408794872596,2,3
9023.816,25441.951,2102.756,23.79,1.044408794872596,2,4
9245.192,24697.927,2240.392,20.34,0.5849182963256563,2,3
8999.457,24970.594,2140.382,28.51,1.513588931527053,2,4
9092.551,25052.038,2115.591,22.42,0.8616420727183318,2,3
9047.246,25340.202,2088.163,23.0,0.9416998217386928,2,4
9060.45,25646.15,2100.999,15.68,-0.1826397945871133,3,4
9019.8,25646.013,2100.883,20.63,0.6341173125595898,2,4
8989.882,25033.662,2167.187,29.72,1.597687319842403,2,4
9066.206,25751.792,2099.358,19.61,0.487736149568634,3,4
9037.832,25752.783,2101.842,22.22,0.8349081049977082,2,4
9072.026,25610.492,2103.685,19.19,0.401995024919857,3,4
8998.957,25645.831,2098.324,20.26,0.5701609063769159,2,4
9080.795,25057.028,2140.223,21.14,0.699468366034319,2,3
9101.177,25709.756,2203.23,23.47,1.010197030260156,2,4
9155.229,25154.414,2169.563,13.01,-0.7851107046926762,4,3
9209.03,25001.059,2127.872,26.96,1.36435557724851,2,3
9032.652,25030.023,2231.411,18.09,0.2471336338581233,2,4
8872.682,25448.335,2141.834,28.65,1.529558186142137,2,4
9104.721,25090.235,2171.899,26.39,1.304897342539864,2,3
8992.797,25752.826,2100.235,26.3,1.292464893096989,2,4
8944.601,25164.123,2169.836,18.78,0.3384653164661363,2,4
9219.641,24751.242,2187.987,19.68,0.4953916363388077,2,3
9021.512,24965.037,2117.518,19.02,0.3735908953653471,2,4
9149.542,24850.611,2155.046,23.29,0.9899162746699801,2,3
8969.721,25091.582,2150.908,19.93,0.5293010943086739,2,4
8968.865,25158.073,2127.125,17.92,0.2176210030102561,2,4
9205.31,24750.792,2210.865,20.26,0.5701609063769159,2,3
9254.352,24847.037,2178.989,23.11,0.9665293160381755,2,3
9272.895,24796.648,2208.454,26.63,1.331211009925645,2,3
9050.763,24996.478,2189.476,22.07,0.7999689045671678,2,3
9035.538,25340.245,2099.79,17.55,0.1511682318481011,2,4
9056.252,25387.938,2102.442,12.98,-0.7956783987809201,3,4
9061.111,25195.929,2169.085,19.4,0.4612146045705892,2,4
8990.582,25759.809,2138.527,15.36,-0.2510159186832716,3,4
9121.323,25151.815,2242.251,24.47,1.120004453210245,2,3
9063.494,25463.136,2155.462,20.73,0.6458809914532019,2,4
9047.796,25597.836,2125.729,21.28,0.7249732056113145,2,4
9138.946,25153.202,2204.98,23.53,1.023186651437851,2,3
9113.855,24943.501,2223.758,20.4,0.602943093848241,2,3
9040.564,25029.374,2243.245,23.22,0.9774865599420671,2,4
8986.194,25297.131,2161.312,24.13,1.0852361340932,2,4
8992.814,25261.978,2269.62,22.78,0.9070697999135215,2,4
9135.595,25252.968,2215.772,14.75,-0.3924106733646152,3,3
8991.521,25759.82,2128.069,16.39,-0.05146002009662893,3,4
9223.723,24847.853,2247.444,17.72,0.1747594195216733,2,3
9190.386,24999.11,2260.645,22.91,0.930036179723713,2,3
9033.629,25249.369,2181.768,19.96,0.5348129936004699,2,4
9122.013,25253.233,2184.059,15.98,-0.1245233660830673,2,4
9097.781,25253.791,2127.537,16.24,-0.07660354475064642,2,4
8997.352,25296.444,2139.232,19.31,0.4389072476648156,2,4
9088.701,25405.866,2193.545,20.99,0.6831778069051377,2,4
9080.627,25462.966,2130.836,18.08,0.2449841572638266,2,4
9124.22,25585.007,2250.066,27.31,1.40413939393726,2,4
9179.827,24750.131,2250.646,10.58,-1.501886470314835,4,3
9051.668,24750.007,2253.124,30.82,1.716690234811703,2,3
9246.694,24797.239,2269.011,20.43,0.6090607460571764,2,3
9105.309,24949.709,2243.624,20.65,0.6386096176206587,2,3
9050.332,24997.403,2218.708,17.95,0.2197688327769444,2,3
9061.308,25195.858,2181.083,23.96,1.065023051211364,2,4
9196.046,24750.501,2225.413,23.52,1.020764157384144,2,3
9253.576,24899.46,2231.413,30.29,1.674321593934047,2,3
9060.766,25196.055,2148.089,19.23,0.4142668635342554,2,4
9012.144,25270.633,2181.328,19.13,0.3861289398488366,2,4
9108.391,25253.506,2152.363,21.9,0.782351383071528,2,4
8974.937,25297.565,2184.189,15.87,-0.141720676988027,3,4
9047.645,25463.294,2178.24,19.16,0.3902438013224332,2,4
8976.754,25103.324,2218.389,40.83,2.366560258341472,2,4
9130.419,25891.357,2151.396,18.05,0.2383070611848588,3,4
9086.324,25997.184,2149.127,11.42,-1.225942748902993,3,4
9081.778,25702.288,2203.811,24.93,1.151067116940522,2,4
9053.736,25697.015,2229.131,17.15,0.09423192523971015,3,4
9077.806,25903.075,2183.393,21.09,0.6920327496787794,3,4
9089.857,25950.474,2204.823,16.03,-0.1123398979855648,3,4
9096.686,25950.943,2196.088,16.31,-0.06151263655249821,3,4
9114.912,25951.675,2184.243,13.33,-0.7204384868375581,3,4
9015.09,25750.905,2165.563,19.46,0.4696030591824158,3,4
9089.238,25947.434,2287.288,18.72,0.3255765657843933,3,4
9014.469,25693.552,2198.568,7.78,-2.405284753810421,3,4
9131.042,25734.074,2236.199,20.39,0.5964907108195574,2,4
9052.625,25795.113,2233.486,18.02,0.226489376607492,3,4
9076.105,25800.392,2185.08,19.19,0.401995024919857,3,4
9085.133,25552.933,2200.038,19.65,0.4921368228083809,2,4
9151.691,26001.271,2279.131,6.26,-3.102149316242297,3,4
8915.515,25281.007,2158.325,14.99,-0.3385763056784737,3,4
9102.624,25289.697,2231.21,19.18,0.3952035232743205,2,4
9133.429,26045.251,2224.825,17.33,0.1106635014163062,3,4
8978.2,25852.483,2121.936,19.53,0.4772299580850767,3,4
9070.099,25984.66,2265.155,14.68,-0.4163638741504777,3,4
9141.383,26044.824,2212.114,15.61,-0.2032832600460793,3,4
9067.968,25554.22,2218.114,18.95,0.358005786669042,2,4
8982.016,25852.412,2110.559,16.85,0.04385840776756296,3,4
9152.042,26001.975,2189.137,22.6,0.8808881195869303,2,4
9161.402,25200.202,2176.464,19.07,0.3781645197195244,2,3
9149.55,25401.05,2271.52,22.89,0.9223302184168565,2,4
9076.693,25890.892,2293.23,16.59,-0.01114250178214756,3,4
8971.913,25543.719,2289.708,13.41,-0.6991080877832274,3,4
9174.844,25791.586,2312.772,20.86,0.6653929196423797,2,4
9091.655,25689.195,2228.095,21.63,0.7475897208823575,2,4
9104.195,25849.427,2243.437,16.05,-0.1091441473226023,3,4
9031.586,25500.207,2070.436,25.24,1.184446818906046,2,4
9002.241,25035.761,2176.559,19.65,0.4921368228083809,2,4
8996.894,25695.685,2224.618,25.51,1.216568325700689,2,4
9077.434,25903.366,2270.611,13.95,-0.5760748876486936,3,4
9092.158,25650.395,2256.335,13.52,-0.6612147922013155,3,4
9013.198,25634.814,2227.212,26.38,1.30384088963118,2,4
8995.847,25697.579,2136.486,17.61,0.1625523959526249,3,4
9058.001,25596.527,2061.798,21.86,0.7745513751430645,2,4
9064.138,25848.584,2291.257,9.45,-1.894324612200377,3,4
9086.681,25873.767,2293.097,12.45,-0.9515182841460368,3,4
9090.232,25799.786,2216.679,26.31,1.296098676082296,2,4
9107.75,25724.239,2273.739,18.7,0.320289675857082,2,4
9172.051,25325.203,2229.431,8.27,-2.267393134045988,3,3
9138.085,25526.605,2254.042,18.95,0.358005786669042,2,4
9048.748,25624.589,2264.67,7.7,-2.450419337547743,3,4
9128.956,26026.907,2142.79,16.26,-0.07008054099205015,3,4
9127.239,26077.473,2134.087,16.63,-0.001254569035124871,3,4
9135.472,26185.79,2103.527,11.81,-1.128498827555329,3,4
9060.958,25048.295,2248.341,19.29,0.4334819661117883,2,3
9083.559,25047.579,2203.466,12.12,-1.040089549800798,4,3
9071.296,25223.558,2193.848,12.81,-0.8363979269169166,3,4
9118.763,25496.345,2228.477,17.8,0.195700178301204,2,4
9152.961,25228.884,2246.871,10.23,-1.579968353041125,3,3
9087.539,25424.299,2260.022,4.35,-5.199337582605575,4,4
9152.322,25375.337,2255.083,12.58,-0.91087286903535,3,4
9158.718,25124.315,2257.123,13.51,-0.666231474605669,3,3
9013.397,25120.145,2268.579,14.71,-0.3979179193672613,2,4
8955.94,25224.375,2250.865,16.1,-0.09927374872396871,2,4
8972.898,25204.149,2259.634,13.49,-0.6800125783688008,3,4
9135.684,25276.531,2261.074,16.66,0.00125456903512501,2,4
9042.047,25445.842,2258.192,18.9,0.3481497443296034,2,4
9092.749,25515.645,2161.087,11.98,-1.090930094401009,3,4
8950.309,25393.978,2098.258,19.58,0.4817838345515416,2,4
9181.744,26049.183,2298.524,17.68,0.1702416241534142,3,4
9101.951,26026.141,2201.359,9.43,-1.912314687935914,3,4
9165.053,26130.763,2183.727,11.95,-1.102204129666092,3,4
9167.498,26238.135,2190.937,16.25,-0.07408727446138573,3,4
9080.923,26025.93,2246.997,11.16,-1.301190684205984,3,4
9049.965,25926.086,2300.063,10.45,-1.534328927129561,3,4
9102.853,25631.876,2275.426,14.09,-0.5394308637341484,3,4
9026.41,25435.6,2269.221,20.58,0.6266114916038655,2,4
9024.056,25490.481,2202.284,18.18,0.2613873726778878,2,4
9058.688,25682.267,2071.863,6.6,-2.971951450597742,3,4
9053.335,25499.791,2194.482,24.12,1.083297854725801,2,4
9106.073,25349.458,2258.02,16.69,0.007527483323829474,2,4
9088.216,25554.22,2242.245,19.35,0.4502330983925351,2,4
9067.977,25552.933,2201.842,15.59,-0.213636118831163,3,4
8845.722,25398.912,2064.784,27.4,1.425010540789546,2,4
8855.769,24600.047,2170.495,20.4,0.602943093848241,1,1
9068.621,24400.209,2253.404,16.2,-0.08667363855178388,2,3
9063.232,26122.814,2229.845,11.2,-1.283861891254574,3,4
9098.691,26121.392,2168.927,13.3,-0.7315152969860136,3,4
9220.505,24652.054,2258.676,16.8,0.03639052269320685,2,3
9226.807,24652.297,2244.243,23.8,1.053106263987631,2,3
9236.947,24652.71,2220.85,22.8,0.91087286903535,2,3
9243.989,24652.993,2204.287,18.4,0.2783016875657953,2,3
8921.744,25157.924,2079.27,33.2,1.825378707082671,2,4
9148.667,25153.875,2183.871,13.1,-0.7630300992592184,3,3
9160.531,25154.848,2157.976,16.0,-0.1182041448033766,2,3
9075.285,25059.367,2151.481,18.5,0.2992297324571835,2,3
8982.041,25304.784,2103.275,21.6,0.743327161647077,2,4
9251.047,24797.125,2259.456,19.5,0.4740681138548057,2,3
9255.4,24797.011,2249.902,17.8,0.195700178301204,2,3
9147.664,24644.534,2267.778,21.2,0.708751856519529,2,3
9049.168,25105.435,2106.27,17.9,0.2136361188311631,2,4
8961.385,25199.728,2095.895,25.3,1.19300110187273,2,4
9121.553,25004.225,2216.752,18.2,0.2679198574612,2,3
9125.906,25004.76,2197.752,16.7,0.01254601618154256,2,3
9050.885,24995.89,2173.738,21.8,0.7630300992592185,2,3
9097.223,25001.753,2171.095,13.8,-0.6059551370107433,4,3
9092.138,25001.692,2153.828,22.2,0.8249333882852439,2,3
9131.443,24930.722,2177.629,18.5,0.2992297324571835,2,3
9139.319,24850.438,2180.035,19.3,0.4366734616095649,2,3
9106.492,24850.68,2157.935,17.3,0.1090879501271817,2,3
9096.002,25123.51,2086.322,13.6,-0.6462769374074668,4,3
9030.921,25293.498,2074.759,16.6,-0.007527483323829335,3,4
9036.104,25293.147,2064.78,17.2,0.1030567660911816,2,4
9041.974,25292.752,2053.468,14.1,-0.534175180637725,3,4
9053.309,25292.012,2031.479,13.5,-0.670557440622858,3,4
8955.965,25092.859,2169.608,29.1,1.554269606684581,2,4
9160.033,25174.428,2248.297,16.7,0.01254601618154256,2,3
9173.758,25173.522,2223.337,15.3,-0.2652838681602035,2,3
9167.683,25229.723,2220.746,12.3,-1.002056477837372,3,3
9168.833,25195.572,2226.462,15.2,-0.2926760607617537,2,3
9178.631,25195.111,2207.893,12.6,-0.8995338605921868,3,3
9164.003,25275.902,2220.48,14.4,-0.4672419879122241,3,3
9175.558,25275.503,2203.855,15.6,-0.207222833412141,2,3
9089.31,25914.227,2107.155,23.0,0.9416998217386928,2,4
9115.132,25926.376,2151.753,19.6,0.4860847196286867,3,4
9084.72,25077.431,2254.35,19.6,0.4860847196286867,2,3
9109.654,25223.431,2127.661,12.7,-0.8661892521534974,3,4
9185.509,25230.19,2188.614,14.9,-0.3580057866690429,2,3
9121.794,25143.887,2099.489,12.7,-0.8661892521534974,4,3
9107.47,25046.937,2155.053,20.3,0.5805236222863163,2,3
8993.362,24949.724,2092.022,20.2,0.5605989320293623,2,2
9142.435,24998.343,2225.366,22.2,0.8249333882852439,2,3
9155.017,24997.334,2186.094,21.3,0.7284361304927621,2,3
9163.498,24996.37,2158.903,17.7,0.1723473147982996,2,3
9106.319,25107.954,2122.878,16.8,0.03639052269320685,2,3
9114.878,25106.755,2108.823,13.0,-0.7878760170254154,4,3
9162.742,24600.275,2257.275,16.8,0.03639052269320685,2,3
9148.6,24751.144,2224.664,16.8,0.03639052269320685,2,3
9024.791,25049.912,2112.867,17.5,0.1359106806464805,2,4
9061.638,24997.227,2066.106,15.2,-0.2926760607617537,4,3
9148.892,25008.675,2089.231,14.8,-0.3803256417636312,4,3
9168.51,24644.047,2234.82,14.8,-0.3803256417636312,2,3
9138.208,24802.777,2209.437,14.2,-0.5116675283484657,4,3
9071.489,25001.224,2080.171,16.5,-0.02132928514383572,2,3
9113.42,24850.564,2137.583,19.8,0.5034973903918751,2,3
9009.014,25049.252,2136.591,16.6,-0.007527483323829335,2,4
9043.656,25050.966,2084.001,17.5,0.1359106806464805,2,4
8896.544,25273.767,2220.41,23.3,0.9931456094201362,2,4
9209.802,25047.189,2179.258,12.7,-0.8661892521534974,4,3
8915.437,25157.373,2092.037,18.5,0.2992297324571835,2,4
9011.498,25087.536,2094.268,22.3,0.8428931997765781,2,4
9104.96,25046.771,2087.953,16.8,0.03639052269320685,2,3
8958.989,25048.286,2128.738,21.3,0.7284361304927621,2,4
9025.024,24996.965,2141.705,22.9,0.9255717259908262,2,4
9184.906,24947.488,2236.983,21.2,0.708751856519529,2,3
9202.591,24947.151,2189.149,23.8,1.053106263987631,2,3
9154.807,24910.028,2132.912,19.1,0.3816746537655627,2,3
9102.418,24909.079,2202.363,16.9,0.05899893930614265,2,3
9193.899,24782.66,2198.156,18.7,0.320289675857082,2,3
8981.244,25570.798,2163.617,16.4,-0.04266827932052222,3,4
8985.26,25581.47,2160.52,19.8,0.5034973903918751,2,4
9048.011,25598.299,2164.725,19.5,0.4740681138548057,2,4
9036.016,25339.931,2059.446,27.4,1.425010540789546,2,4
9087.897,25679.261,2160.895,12.9,-0.81522107427356,3,4
9080.64,25679.899,2138.816,12.4,-0.9734487290930867,3,4
9137.079,25045.5,2095.247,19.4,0.4612146045705892,2,3
9174.964,25049.175,2245.646,24.9,1.148600572912831,2,3
9132.332,25143.291,2075.454,16.8,0.03639052269320685,2,3
8700.032,23604.571,1906.354,41.57,2.453086075353951,1,1
9011.706,23703.441,2064.365,29.46,1.577930091224506,2,2
9031.884,23703.831,2029.252,26.79,1.346610387723196,2,2
8626.29,23802.141,2205.981,23.44,1.006433589319123,1,1
8877.836,23803.784,1801.859,37.6,2.09658852223175,1,2
8925.923,23802.574,1733.914,33.38,1.837692513672278,1,2
8665.476,23900.856,2134.819,22.25,0.8383298054451094,1,1
8711.764,23899.764,2044.779,23.27,0.9865023968059933,1,1
8787.671,23900.829,1889.056,39.85,2.280163727337502,1,1
8978.734,23901.286,2120.061,25.02,1.163759198525006,2,2
9027.013,23902.364,2030.22,19.27,0.4224827724521058,4,2
9050.126,23796.774,2085.112,28.16,1.477337115323307,2,2
8858.923,23797.428,2157.081,22.08,0.8045963803602998,1,1
8817.198,24001.906,2237.681,36.46,2.032938294250141,1,1
8898.915,24004.624,2096.097,31.68,1.751488841246049,1,1
8681.379,23999.152,2109.7,29.1,1.554269606684581,1,1
8713.667,23999.104,2058.241,41.68,2.469189366627092,1,1
8762.251,23999.386,1983.378,43.35,2.668426369214532,1,1
8690.11,23710.989,2218.315,8.31,-2.252874739673297,1,1
8816.552,24095.501,2011.738,28.33,1.49583967530224,1,1
8835.374,24203.585,1996.557,16.74,0.0213113746514239,1,1
8858.187,24204.686,1927.486,22.09,0.8065423774811203,1,2
8913.441,24207.801,1756.207,22.39,0.8561716633361495,0,2
9050.965,24203.257,1263.665,23.58,1.030374991802104,0,0
8777.834,24301.351,2144.872,23.94,1.062094826394535,1,1
9020.232,24306.17,1488.503,36.24,2.014636764095316,0,0
9061.478,24307.872,1371.047,15.59,-0.213636118831163,0,0
9215.323,23699.381,1964.187,31.13,1.730632281426165,2,2
9155.354,24100.247,2178.979,28.26,1.49070923622097,2,3
9167.337,24100.085,2159.057,24.55,1.127437725884892,2,3
8599.8,24045.4,1953.3,59.66,3.298038577639229,1,1
8604.3,24045.1,1942.2,35.66,1.975139115822331,1,1
8606.3,24044.9,1937.4,22.91,0.930036179723713,1,1
8608.6,24044.7,1931.8,22.55,0.8759457518609559,1,1
8628.2,24043.0,1883.1,29.73,1.602256432367752,1,1
8631.4,24042.7,1875.0,34.09,1.889854464862739,1,1
9046.7,23694.7,2027.3,21.23,0.7184619962535121,2,2
9050.4,23694.5,2020.8,26.3,1.292464893096989,2,2
9062.9,23693.7,1998.6,42.74,2.598475931214059,2,2
9068.1,23693.3,1989.5,26.56,1.325619263086352,2,2
8697.8,23902.3,2131.3,32.22,1.784950170834355,1,1
8715.8,23902.6,2094.2,29.14,1.56138747028482,1,1
8724.9,23902.8,2075.3,22.61,0.8883093448377878,1,1
8768.5,23904.2,1983.9,40.06,2.297643430708086,1,1
8787.4,23905.0,1943.9,24.84,1.140137760511694,1,1
8617.4,23996.6,2166.2,41.04,2.399053498270201,1,1
8660.9,23994.0,2085.7,17.73,0.17782697898639,1,1
8709.9,23990.5,1989.6,54.25,2.946972040868107,1,1
8980.0,24228.8,2254.9,21.76,0.7558434779825427,2,3
8994.0,24228.8,2219.2,17.5,0.1359106806464805,2,3
9001.8,24228.8,2199.0,16.76,0.02509400752630838,2,3
9017.2,24228.7,2159.1,24.38,1.104013941773114,2,2
9044.7,24228.3,2086.9,22.14,0.8133044822725883,2,2
9051.9,24228.1,2068.0,27.05,1.381118939092056,2,2
9095.2,24227.7,1952.0,25.36,1.200476389783171,2,2
8577.3,23756.2,2054.7,22.2,0.8249333882852439,1,1
8829.7,24298.7,2063.1,26.22,1.275302474602153,1,1
8831.8,24298.6,2057.5,31.06,1.727223454437318,1,1
8843.1,24298.1,2028.1,28.63,1.524861411746954,1,1
8861.8,24297.1,1979.0,22.94,0.9353231916648064,1,1
8878.9,24296.2,1934.2,27.1,1.39120205536241,1,2
8933.1,24293.7,1787.9,29.7,1.594526438422721,1,2
8952.0,24292.5,1735.7,32.33,1.791764287378515,0,2
9014.9,24288.4,1557.6,28.18,1.483319760644569,0,0
9025.1,24287.4,1527.8,28.15,1.474681730522365,0,0
9032.9,24286.8,1505.1,32.53,1.802753696657698,0,0
9034.7,24286.7,1499.9,23.07,0.9629652676192323,0,0
9125.0,24101.0,2190.0,28.08,1.466653011596146,2,3
9129.7,24101.1,2182.3,15.96,-0.1289827244837449,4,3
9134.3,24101.3,2174.6,29.26,1.568306276733269,2,3
9139.0,24101.5,2166.9,22.54,0.873777443631047,2,3
9149.0,24101.9,2150.1,22.69,0.8995338605921871,2,3
9162.8,24102.5,2126.9,18.9,0.3481497443296034,2,3
8603.4,24256.7,1901.5,35.9,1.985935187645218,1,1
8610.8,24256.9,1885.1,30.74,1.702795991326823,1,1
8859.3,24003.3,2193.0,48.49,2.81258634957502,2,1
8862.3,24003.4,2187.8,60.87,5.19933758270342,2,1
8935.5,24005.4,2057.7,42.08,2.525923124501661,2,2
8604.1,23997.4,2190.5,30.59,1.684285301674897,1,1
9191.191,24099.732,2119.144,30.19,1.657776737782447,2,3
8909.158,24374.246,2185.868,33.92,1.867279504791683,2,1
9259.781,24442.823,2092.54,25.62,1.228290579391109,2,3
9266.329,24442.385,2076.587,22.05,0.7934248035533935,2,3
9269.506,24442.184,2068.977,17.5,0.1359106806464805,2,3
8888.311,24424.422,2225.942,14.46,-0.4541323662972941,1,1
8998.729,24423.706,2231.681,22.4,0.8589968801153813,2,3
8940.85,24472.211,2195.929,18.25,0.2702617604876176,2,1
8942.918,24472.097,2187.17,24.37,1.10230375439108,2,1
9327.138,24445.367,2096.878,21.13,0.6974876064713338,2,3
8921.769,24518.519,2177.349,30.25,1.667720267311404,2,1
9260.028,24469.315,2058.861,22.31,0.8444939236732143,2,3
9232.205,24519.015,2137.733,25.39,1.204738646343398,2,3
8885.859,24374.982,2240.34,15.6,-0.207222833412141,1,1
9018.254,24547.623,2227.698,20.64,0.636168698739131,2,3
9022.215,24547.183,2216.38,34.66,1.944127770090208,2,3
9115.421,24568.738,2264.271,18.07,0.2419630314331279,2,3
9118.557,24568.462,2255.043,33.4,1.838945992265913,2,3
9132.093,24929.613,2223.49,17.76,0.1829275640059214,2,3
9138.451,24929.317,2201.909,23.48,1.012585672830608,2,3
9209.45,24749.091,2221.501,26.81,1.352622764219689,2,3
8989.822,24723.216,2248.831,20.45,0.6135094449805308,2,3
9062.737,24751.228,2079.003,27.37,1.411293269734521,2,3
9235.127,24990.158,2219.509,18.17,0.2575507301943624,2,3
9230.26,24990.142,2211.061,20.05,0.5508746435120223,2,3
9225.065,24990.077,2201.936,30.04,1.635205967026207,2,3
9216.594,24989.992,2186.91,36.75,2.05932469067923,2,3
9210.758,24989.933,2176.424,16.63,-0.001254569035124871,2,3
9200.992,24989.705,2158.687,13.04,-0.7714496755296383,4,3
9196.658,24989.577,2150.8,15.83,-0.14959683819772,2,3
9190.897,24989.392,2140.275,14.7,-0.404716808217749,4,3
9184.795,24989.233,2129.081,28.51,1.513588931527053,2,3
9201.51,25057.59,2201.344,11.15,-1.312137680736437,4,3
9202.542,25057.391,2187.885,10.08,-1.674185775910647,4,3
9203.915,25057.043,2169.189,15.26,-0.275694418715956,2,3
9204.785,25056.825,2157.222,14.33,-0.4743297340448751,4,3
9110.487,25036.365,2174.384,21.92,0.7850568102342498,2,3
9112.788,25036.466,2166.462,33.87,1.864223956697726,2,3
9115.378,25036.578,2157.844,19.2,0.4060788237506919,2,3
9120.906,25036.844,2139.93,19.56,0.4797834511122173,2,3
9131.156,25037.307,2104.643,18.42,0.280910849646044,2,3
9144.176,25037.759,2059.226,13.44,-0.6892827207942038,4,3
9150.972,25037.978,2033.872,12.45,-0.9515182841460368,4,3
9153.87,25038.018,2023.002,11.4,-1.237465706445763,4,3
8950.938,25011.71,2079.291,14.28,-0.4886334674814359,4,2
8962.303,25011.503,2047.515,15.92,-0.1346445798518418,4,2
8966.049,25011.403,2036.908,17.77,0.1867943686820359,2,2
8963.495,24971.79,2071.467,38.47,2.14544968894604,2,2
8965.39,24971.556,2064.993,19.15,0.3885130976398644,2,2
8973.5,24970.465,2036.131,27.53,1.438279671700094,2,2
9166.448,24927.988,2103.057,20.56,0.6237997236533903,2,3
9168.849,24927.918,2094.384,14.12,-0.5278969666229575,4,3
9173.273,24927.786,2078.488,27.37,1.411293269734521,2,3
9195.235,24926.698,1998.195,13.49,-0.6800125783688008,4,3
9197.771,24926.587,1988.782,12.6,-0.8995338605921868,4,3
9226.572,24399.556,2237.67,17.54,0.149806092062333,2,3
9315.076,24371.62,2258.953,26.53,1.321690549340497,2,3
9326.972,24370.575,2228.19,16.41,-0.0338798354034919,2,3
9278.459,24447.851,2246.632,19.91,0.5209394983066646,2,3
9098.47,24472.618,2243.61,12.14,-1.027246718790668,4,3
9164.123,24563.791,2123.283,25.99,1.264448547931092,2,3
9286.023,24549.86,2221.289,16.4,-0.04266827932052222,2,3
9297.427,24549.938,2108.619,22.12,0.8105390450682207,2,3
8907.772,24573.863,2194.841,23.72,1.040530066337385,2,1
8918.974,24573.63,2161.419,25.6,1.225908563229464,2,1
9275.303,24623.766,2251.117,22.76,0.9049849970908557,2,3
9275.112,24599.155,2155.154,19.19,0.401995024919857,2,3
9164.305,24623.821,2270.72,16.6,-0.007527483323829335,2,3
9183.777,24561.603,2065.053,31.95,1.77346905370426,2,3
9215.934,24548.468,2143.055,25.24,1.184446818906046,2,3
9218.249,24548.338,2132.814,21.11,0.6943712915288447,2,3
9219.168,24598.564,2253.533,12.67,-0.8757667054130063,4,3
9043.027,24673.987,2256.422,15.03,-0.3335240495476219,2,3
9165.887,24672.134,2218.905,15.63,-0.1969791629904471,2,3
9163.742,24725.725,2124.238,22.04,0.7914600929817928,2,3
8992.362,24963.91,2115.183,15.36,-0.2510159186832716,4,4
8994.915,24963.889,2105.773,14.33,-0.4743297340448751,4,4
8998.625,24963.871,2092.015,11.21,-1.275302474602153,4,2
9000.948,24963.848,2083.32,39.6,2.254057301839977,2,2
9018.262,24963.384,2016.53,34.18,1.903945730478446,2,2
8977.615,24990.355,2109.835,24.2,1.091850136913015,2,4
8980.303,24990.194,2102.835,20.81,0.6593515916912578,2,4
8977.381,25027.862,2148.65,31.65,1.749708004523874,2,4
8979.462,25027.805,2142.229,16.88,0.05313151867054701,2,4
8994.56,25027.459,2095.089,39.17,2.226993604784916,2,4
8996.819,25027.401,2087.938,15.73,-0.1663673486153114,4,4
8999.745,25027.319,2078.638,18.75,0.3335240495476219,2,4
8862.692,25345.332,2109.206,34.33,1.918961534877199,2,4
8995.628,24722.623,2225.551,21.23,0.7184619962535121,2,3
9258.725,24672.1,2250.794,18.49,0.2933812321211932,2,3
9259.663,24671.944,2243.354,15.16,-0.307111166190688,2,3
9261.099,24671.739,2232.955,13.83,-0.5939395388892443,4,3
9140.553,24929.203,2194.71,15.23,-0.280910849646044,2,3
9142.842,24929.076,2186.785,19.83,0.5092493337732175,2,3
9203.259,25057.208,2178.163,9.17,-1.996287009896094,4,3
9121.531,24929.888,2259.47,15.64,-0.1923633137225106,2,3
9103.824,25036.173,2195.874,18.76,0.3358721762572525,2,3
9106.034,25036.209,2188.707,17.86,0.208888329148657,2,3
9176.297,24988.989,2113.215,15.55,-0.223915797965116,2,3
9173.13,24988.889,2107.256,42.97,2.646995042729217,2,3
9168.907,24988.761,2099.308,24.7,1.133619571409614,2,3
9163.312,24988.568,2088.695,16.5,-0.02132928514383572,2,3
9157.046,24988.294,2076.74,20.25,0.5642667997585257,2,3
9146.339,25037.852,2051.265,15.16,-0.307111166190688,4,3
9013.658,24987.617,2015.263,12.13,-1.033832286803354,4,2
8905.949,24499.145,2254.946,12.85,-0.8270073590307454,1,1
9178.667,24927.604,2058.97,13.55,-0.6549304836891207,4,3
9045.138,24920.365,1986.219,16.39,-0.05146002009662893,4,2
9241.984,24748.101,2079.689,20.09,0.5533711308965811,2,3
9243.627,24748.046,2072.371,17.41,0.1231045712308126,2,3
9245.104,24747.997,2065.785,25.95,1.25657690319421,2,3
9246.908,24747.937,2057.735,14.95,-0.344977405423643,4,3
8978.23,25011.096,2003.831,17.8,0.195700178301204,2,2
8987.316,25011.025,1978.406,17.11,0.08773909616777291,4,2
9273.229,24599.172,2164.72,18.94,0.3554303616901202,2,3
9222.657,24498.078,2152.987,24.0,1.070179963488352,2,3
9011.445,24924.547,2106.778,36.51,2.041520746982112,2,4
9013.52,24924.314,2099.575,34.89,1.955802492185393,2,2
9016.409,24923.973,2089.486,15.92,-0.1346445798518418,4,2
9020.099,24923.517,2076.508,20.97,0.6768541480424047,2,2
9223.311,24548.164,2110.123,16.08,-0.1065706462657944,4,3
9155.822,24601.006,2080.496,22.07,0.7999689045671678,2,3
9291.44,24599.253,2071.231,16.31,-0.06151263655249821,4,3
9293.439,24599.206,2060.923,22.06,0.7962083738605304,2,3
9257.058,24747.609,2012.358,20.82,0.6611657370873262,2,3
9088.028,24751.028,2027.169,15.63,-0.1969791629904471,4,2
9246.084,24689.794,2083.892,20.54,0.6216605509333716,2,3
9279.564,24657.817,2084.13,15.84,-0.1473156467698586,4,3
9296.299,24599.09,2046.199,17.82,0.2032832600460802,2,3
9118.757,24599.75,2221.184,25.73,1.2369536164985,2,3
9253.243,24600.14,2259.374,20.72,0.6448777192367403,2,3
9292.137,24692.097,2127.878,12.71,-0.8589096039503576,4,3
9100.829,24648.102,2247.03,10.11,-1.64289404037595,4,3
9205.874,24749.214,2236.839,10.99,-1.397836528971104,4,3
9199.97,24926.522,1980.571,12.61,-0.891856905766332,4,3
9140.425,25037.614,2072.194,14.24,-0.5049220111265829,4,3
9081.76,24991.506,2139.485,18.18,0.2613873726778878,2,3
9172.603,24951.659,2174.974,20.38,0.5920066223547548,2,3
9087.496,24991.281,2126.442,20.45,0.6135094449805308,2,3
9042.79,24989.05,2050.17,19.78,0.5004405738381885,2,2
9126.59,25037.138,2120.497,19.08,0.3791714170977714,2,3
8988.254,24967.85,1983.475,17.83,0.2050697564141877,2,2
8990.141,24967.412,1976.23,12.94,-0.8018446964596166,4,2
9069.038,24992.03,2168.297,16.69,0.007527483323829474,2,3
9033.123,24717.681,2069.572,15.22,-0.2861349357549179,4,2
9276.948,24671.195,2108.718,20.77,0.6514164127457128,2,3
9282.756,24670.67,2063.343,18.59,0.3074579443865439,2,3
9205.895,24623.91,2071.022,25.57,1.222257725813506,2,3
9196.447,24623.943,2119.61,20.78,0.6549304836891207,2,3
9294.679,24623.775,2082.74,30.63,1.689256628623778,2,3
9270.947,24689.553,2023.566,18.04,0.2342191939146195,2,3
8746.621,24368.851,2122.416,24.49,1.123517803925087,1,1
8922.347,24267.605,2188.393,24.03,1.075515325868409,2,1
8987.018,24265.97,2100.986,18.68,0.3128294185379789,2,2
8997.787,24265.345,2086.576,14.5,-0.4473052807811119,4,2
9094.193,25953.193,2027.487,8.83,-2.087339395383226,3,4
9080.262,25953.035,2007.883,11.64,-1.184446818906046,3,4
9088.545,25953.129,2019.539,9.55,-1.855208512011558,3,4
9183.671,26372.014,2227.828,18.58,0.306925961498305,3,4
9008.065,24776.015,1961.174,16.17,-0.09107509902847237,4,2
8809.566,24467.487,2034.566,13.15,-0.7568286227057104,1,1
8997.51,25670.313,2031.095,12.44,-0.956929736452924,3,4
9058.616,26151.271,1985.239,20.3,0.5805236222863163,3,4
9059.541,26151.302,1977.041,16.86,0.04568320156826713,3,4
9052.718,26151.075,2037.406,18.93,0.353976847779841,3,4
9056.425,26151.19,2004.615,16.66,0.00125456903512501,3,4
9061.592,26151.367,1959.158,16.37,-0.05397264705241303,3,4
9060.733,26151.338,1966.609,22.37,0.850848009408713,3,4
8993.686,25668.083,2019.139,11.67,-1.166918601135317,3,4
8991.426,25666.793,2012.105,15.9,-0.13826321114163,3,4
8984.447,25662.737,1990.301,19.25,0.4184311908309546,3,4
9035.308,25825.252,2055.946,11.54,-1.203927746537136,3,4
9025.955,25825.489,2037.987,11.41,-1.234533830295906,3,4
9007.103,25825.62,2001.298,19.17,0.3924349830336783,3,4
9004.043,25825.643,1995.281,12.65,-0.8808881195869299,3,4
8980.842,26082.369,2106.289,15.05,-0.3300372319711639,3,4
9009.832,26082.25,2014.771,11.72,-1.144390182586851,3,4
9021.959,26082.225,1975.345,22.53,0.8718609134348221,3,4
9024.589,26082.238,1966.737,14.01,-0.5569266030950196,3,4
9030.044,26082.288,1948.799,16.76,0.02509400752630838,3,4
9137.169,26027.491,2112.254,7.51,-2.588478319889218,3,4
9123.62,26027.793,2092.448,10.19,-1.597698422091424,3,4
9117.302,26027.891,2083.139,11.67,-1.166918601135317,3,4
9152.89,26219.827,2217.06,14.75,-0.3924106733646152,3,4
9140.603,26219.57,2200.032,10.02,-1.710791252563054,3,4
9144.545,26219.719,2205.509,14.01,-0.5569266030950196,3,4
9137.098,26219.514,2195.164,12.56,-0.9169462979277391,3,4
9133.152,26219.606,2189.688,14.24,-0.5049220111265829,3,4
9129.213,26219.558,2184.207,10.08,-1.674185775910647,3,4
9117.471,26219.251,2167.713,14.61,-0.4278565050223814,3,4
9112.708,26219.06,2160.98,12.86,-0.8231716109385887,3,4
8738.68,24527.729,2141.32,21.15,0.70159991634493,1,1
8808.355,24349.409,2228.053,14.97,-0.3421046837786077,1,1
8819.578,24349.295,2199.424,12.74,-0.8510780040759653,1,1
8825.554,24349.182,2184.045,11.05,-1.356630060116488,1,1
8743.038,24527.952,2120.778,14.06,-0.5466177705887929,1,1
8754.888,24399.37,2251.861,14.02,-0.552009895985837,1,1
8758.15,24399.384,2245.107,12.09,-1.050559626466727,1,1
8756.499,24470.456,2122.499,25.33,1.196301439146879,1,1
9042.106,26150.457,2129.796,8.78,-2.109384386454083,3,4
8810.847,24399.098,2134.801,12.16,-1.021849141190017,1,1
8828.957,24398.71,2096.079,22.17,0.8183984487109307,1,1
8834.62,24398.57,2083.825,16.97,0.06969930589560938,1,1
8854.6,24397.757,2041.016,15.2,-0.2926760607617537,1,1
9120.671,26200.272,2180.037,10.19,-1.597698422091424,3,4
9123.513,26200.208,2174.753,15.13,-0.3125276602418971,3,4
9126.709,26200.151,2168.807,7.92,-2.353612300517151,3,4
9134.083,26199.942,2154.892,11.16,-1.301190684205984,3,4
9143.913,26199.631,2136.338,11.76,-1.14008337607808,3,4
9146.723,26199.54,2131.037,9.31,-1.955313210795025,3,4
9152.688,26199.355,2119.77,9.1,-2.015980242085111,3,4
9085.744,25800.899,2001.315,15.69,-0.17782697898639,3,4
9062.417,25800.966,1969.132,11.62,-1.19300110187273,3,4
9057.59,25800.959,1962.442,12.83,-0.8302341575863219,3,4
9051.026,25800.985,1953.305,12.77,-0.8446521467252647,3,4
9040.992,25801.118,1939.275,12.93,-0.8056920745819013,3,4
9035.344,25801.119,1931.328,18.16,0.2549019905594725,3,4
9031.002,25801.095,1925.212,16.51,-0.01631011628532429,3,4
8858.895,24200.86,2251.95,20.85,0.6640627185696378,1,1
8860.841,24200.912,2245.487,18.11,0.2506699162844028,1,1
8881.875,24201.6,2175.848,21.54,0.739266723065256,1,1
8839.121,24250.801,2236.701,17.17,0.09663810765263332,1,1
8858.179,24251.034,2197.599,20.02,0.5464658402252025,1,1
8902.909,24252.135,2107.611,16.21,-0.0826788846086522,1,1
8936.753,24299.085,2263.215,24.23,1.093703826048489,2,1
8957.863,24298.274,2196.741,20.59,0.6286859839889694,2,1
8930.563,24627.445,2054.387,13.68,-0.6271963576001219,4,2
8924.209,24627.843,2031.246,14.94,-0.3467988625921065,1,2
9152.766,24355.446,2230.672,19.37,0.4562130136404116,2,3
9155.745,24355.58,2224.617,15.19,-0.2992297324571836,2,3
9180.714,24356.306,2174.219,24.99,1.156976704104171,2,3
9197.462,24356.766,2140.671,15.33,-0.2576216475998694,4,3
8807.414,24174.927,2217.905,27.23,1.398967295176265,1,1
8958.077,26002.033,2029.32,13.68,-0.6271963576001219,3,4
8960.428,26002.092,2023.8,14.71,-0.3979179193672613,3,4
8963.652,26002.106,2016.206,14.27,-0.4921368228083809,3,4
8992.698,26002.844,1947.064,14.91,-0.3554303616901199,3,4
8996.123,26002.921,1938.742,14.15,-0.5206614945725153,3,4
8997.83,26002.977,1934.578,19.72,0.4977982284659025,3,4
8942.652,26001.84,2065.139,13.29,-0.73973721941389,3,4
8984.644,26002.644,1966.457,11.93,-1.10770288396291,3,4
8990.693,26002.803,1951.916,13.43,-0.6927148969290063,3,4
9103.688,24222.969,2214.163,16.7,0.01254601618154256,2,3
8838.705,24444.829,2030.691,21.79,0.757945958793571,1,1
8757.821,24449.131,2211.362,13.1,-0.7630300992592184,1,1
8782.826,24447.944,2155.188,25.94,1.252840088418682,1,1
8786.526,24447.726,2146.987,22.35,0.8477117372734889,1,1
8792.371,24447.333,2133.997,19.33,0.4456218212231421,1,1
8822.176,24445.702,2067.654,25.07,1.172598790606963,1,1
8825.859,24445.511,2059.444,25.03,1.166079530234547,1,1
8822.704,24427.306,2028.489,23.01,0.9495472701112365,1,1
8825.491,24427.396,2019.932,22.85,0.9165019029489971,1,1
8964.817,25925.505,2046.141,13.96,-0.5727682497348803,3,4
8987.92,25925.161,2021.542,21.83,0.7713257447086419,3,4
9022.445,25924.554,1985.037,17.51,0.1460475087974106,3,4
9027.628,25924.428,1979.617,15.63,-0.1969791629904471,3,4
9033.841,25924.226,1973.109,16.45,-0.02885908560439191,3,4
9039.528,25923.95,1967.139,12.14,-1.027246718790668,3,4
9047.278,25923.622,1958.991,9.94,-1.732204721988833,3,4
9053.483,25923.502,1952.474,13.7,-0.6239212923963902,3,4
9058.647,25923.456,1947.035,11.55,-1.201847393639443,3,4
8757.574,24425.382,2228.123,12.15,-1.023536850869958,1,1
8760.629,24425.475,2218.864,17.14,0.0910750990284728,1,1
8804.128,24426.629,2085.536,17.75,0.1808335345839269,1,1
8818.528,24427.158,2041.326,22.21,0.832975938559765,1,1
9047.407,24676.31,1915.064,22.15,0.8156787628391501,2,2
9051.023,24676.315,1908.493,17.51,0.1460475087974106,4,2
9067.671,24676.056,1878.277,17.9,0.2136361188311631,4,2
8920.06,24628.057,2016.055,15.49,-0.2360099352012977,1,2
8779.563,23925.581,2200.132,21.81,0.7683814440495111,1,1
8797.831,23925.162,2157.374,19.43,0.4638588033395399,1,1
8815.164,23924.184,2118.308,13.74,-0.6211508796517266,1,1
8920.069,23901.01,2191.71,23.21,0.9734327827708785,1,1
8923.008,23901.075,2185.634,15.12,-0.3150117233426268,1,1
8731.821,24527.272,2173.596,27.03,1.377652781182792,1,1
9008.518,24074.246,2105.212,19.21,0.4095976530033049,2,2
9219.154,24357.531,2097.86,18.98,0.3655314769729693,2,3
8869.958,24349.629,2066.131,14.89,-0.3619238899135164,1,1
8667.035,24313.092,2076.635,27.58,1.441897452229983,1,1
9037.145,26200.538,2099.925,24.84,1.140137760511694,3,4
9102.987,26028.135,2062.038,16.93,0.06397327457206528,3,4
9005.364,26082.263,2029.09,15.98,-0.1245233660830673,3,4
9032.859,26082.279,1939.464,20.66,0.6399522270860472,3,4
9035.226,26082.284,1931.561,15.94,-0.1312891700230893,3,4
8955.128,26001.97,2036.216,14.82,-0.3735908953653471,3,4
8956.311,26001.992,2033.459,12.03,-1.061962180539471,3,4
9108.044,26028.052,2069.483,8.35,-2.230135515389549,3,4
8959.98,23997.936,2180.261,23.04,0.9569113671111468,2,2
8965.303,25651.467,1930.548,19.28,0.4279758970525155,3,4
9149.375,26219.78,2212.197,22.38,0.853247139315341,3,4
9120.927,26219.433,2172.615,18.04,0.2342191939146195,3,4
9073.354,26218.06,2105.232,14.11,-0.5302315237698679,3,4
9078.095,26200.116,2197.422,15.03,-0.3335240495476219,3,4
9069.376,26200.23,2176.681,17.5,0.1359106806464805,3,4
9062.98,26200.327,2161.471,23.86,1.058198970205178,3,4
8977.582,26082.385,2116.27,22.61,0.8883093448377878,3,4
9011.49,24775.918,1951.248,17.67,0.1686074125000132,4,2
9153.816,26026.939,2136.298,14.88,-0.3634489127499445,3,4
8877.757,24201.427,2189.489,18.07,0.2419630314331279,1,1
9136.188,26199.911,2150.915,13.25,-0.7442926555938577,3,4
9138.644,26199.808,2146.276,10.01,-1.716692818509272,3,4
9142.156,26199.681,2139.65,12.89,-0.8178049227354095,3,4
9149.529,26199.436,2125.735,13.53,-0.6590572416786886,3,4
8852.399,24349.463,2113.214,17.99,0.2228668714683448,1,1
8933.049,24319.965,2060.843,20.97,0.6768541480424047,1,2
9190.092,24356.682,2155.433,20.25,0.5642667997585257,2,3
8912.167,24321.388,2124.226,17.61,0.1625523959526249,1,1
8999.07,26082.345,2049.125,23.01,0.9495472701112365,3,4
9112.676,26027.976,2076.309,11.14,-1.316978184327039,3,4
9038.108,25825.168,2061.252,14.21,-0.5095348632933987,3,4
9032.537,25825.339,2050.625,13.66,-0.6336400007797011,3,4
8989.616,25665.766,2006.477,15.67,-0.1847293867592549,3,4
8987.36,25664.471,1999.443,12.37,-0.9876515644974215,3,4
9076.056,25801.077,1987.96,14.92,-0.3532691919629601,3,4
9068.134,25800.968,1977.03,14.35,-0.4710213304677233,3,4
8995.104,25925.052,2013.885,14.64,-0.4233159244055488,3,4
9006.418,25924.882,2001.877,16.44,-0.03140812235824497,3,4
9011.581,25924.772,1996.438,17.65,0.1666151184275132,3,4
8655.017,24198.726,2239.37,21.28,0.7249732056113145,1,1
8734.473,24527.444,2161.126,29.8,1.617122302282449,1,1
8912.954,26001.397,2132.369,11.86,-1.116368890290763,3,4
9140.399,26199.735,2142.963,14.01,-0.5569266030950196,3,4
9098.779,26028.216,2055.83,12.71,-0.8589096039503576,3,4
8741.088,23874.012,2208.138,9.79,-1.781244407675155,1,1
8988.968,23972.391,2137.085,24.47,1.120004453210245,2,2
8992.765,23972.262,2129.762,28.65,1.529558186142137,2,2
8765.762,24075.798,2166.192,16.04,-0.1108429440910947,1,1
8997.172,24074.803,2136.993,18.42,0.280910849646044,2,2
8836.214,24101.833,2127.515,18.4,0.2783016875657953,1,1
8841.025,24101.627,2114.103,16.87,0.04894771798160344,1,1
8641.06,24123.929,2077.261,25.85,1.245510272321043,1,1
9013.939,24775.825,1944.16,20.99,0.6831778069051377,2,2
9035.75,24775.16,1880.285,12.49,-0.9377977680303105,4,2
9159.127,24129.376,2182.39,17.79,0.1909477397681947,2,3
9179.264,24130.655,2139.665,14.65,-0.4210970569909634,4,3
9183.725,24130.856,2130.162,12.49,-0.9377977680303105,4,3
9156.556,24129.259,2187.81,17.58,0.1540855008259132,2,3
9162.016,24129.48,2176.29,30.12,1.643760292346086,2,3
9170.338,24130.014,2158.663,34.46,1.929990825498907,2,3
9175.761,24130.412,2147.131,20.0,0.5395988872028699,2,3
8847.425,24101.442,2096.481,12.62,-0.8888400117499843,1,1
8785.346,24047.143,2021.302,12.42,-0.9608536026483905,1,1
8793.115,24318.93,2002.252,14.24,-0.5049220111265829,1,1
8913.725,24031.087,2052.756,20.39,0.5964907108195574,1,2
8786.483,24319.368,2019.785,20.27,0.5731153914071752,1,1
8884.988,24247.746,2036.514,13.55,-0.6549304836891207,1,1
8879.561,24247.899,2048.874,14.82,-0.3735908953653471,1,1
8774.803,24047.272,2041.178,11.04,-1.361741902615114,1,1
8779.363,24047.205,2032.561,14.42,-0.4595270492604179,1,1
8775.509,24114.231,1989.418,13.8,-0.6059551370107433,1,1
8777.709,24114.029,1983.84,32.82,1.813721856298947,1,1
9108.006,24519.509,1893.974,19.94,0.5323863484115576,4,2
8771.303,24047.357,2047.811,15.29,-0.268045926378199,1,1
8918.981,24025.773,2037.209,28.5,1.505527186038919,1,2
9047.871,24559.356,1867.693,36.18,2.008286366191264,2,2
9050.986,24556.85,1862.254,17.51,0.1460475087974106,4,2
9061.528,24624.24,1860.012,19.81,0.5067241682416694,4,2
8742.645,24117.233,2073.149,25.01,1.159948931201987,1,1
8743.736,24117.138,2070.357,18.04,0.2342191939146195,1,1
8934.987,24174.008,2144.122,26.47,1.312811604276078,2,1
8944.375,24173.446,2116.425,40.76,2.357327370554604,2,2
8719.181,24438.453,2057.206,16.24,-0.07660354475064642,1,1
9007.721,24662.656,1909.961,12.37,-0.9876515644974215,4,2
9023.477,24624.826,1930.664,24.45,1.113282675644864,2,2
9051.551,24624.478,1878.49,14.69,-0.4129002748790691,4,2
9015.873,24662.68,1896.485,19.9,0.5163562651199474,4,2
9025.192,24662.58,1881.086,16.91,0.06174866327116314,4,2
8871.098,24248.095,2068.092,19.27,0.4224827724521058,1,1
8875.938,24247.998,2057.112,26.26,1.283861891254575,1,1
8957.948,24172.72,2076.685,23.22,0.9774865599420671,2,2
8960.373,24172.572,2069.59,18.96,0.3614736186713427,1,2
9031.987,24572.199,1895.496,16.76,0.02509400752630838,4,2
9038.882,24566.607,1883.405,18.79,0.3403363592967935,4,2
8785.958,24113.324,1962.919,17.09,0.0843306773530369,1,1
8779.911,24113.862,1978.261,34.08,1.885863637981925,1,1
8803.01,24111.722,1919.688,20.89,0.6683961330453326,1,1
8792.419,24046.976,2008.075,14.79,-0.3870776830245226,1,1
8817.962,24046.19,1960.505,19.2,0.4060788237506919,1,1
9035.434,24569.402,1889.45,18.64,0.3104890692962018,4,2
8859.372,24044.437,1884.014,16.35,-0.05744812158874227,1,2
8805.478,24111.481,1913.41,24.12,1.083297854725801,1,1
8809.588,24111.111,1902.944,17.85,0.2078718633474536,1,1
8826.565,24109.496,1859.684,19.46,0.4696030591824158,1,2
8829.296,24109.23,1852.705,19.0,0.3686175836502739,1,2
8832.567,24108.902,1844.326,20.75,0.6485861905890503,1,2
9016.357,24168.312,1905.692,17.49,0.1293173159991616,4,2
9111.965,24515.728,1884.145,17.37,0.114414892630001,4,2
9114.617,24513.223,1877.592,19.02,0.3735908953653471,4,2
9116.205,24511.717,1873.66,30.15,1.650110063477416,2,2
8561.307,24497.839,2198.747,23.17,0.9704029168589454,1,1
8564.355,24497.695,2192.726,18.75,0.3335240495476219,1,1
8577.169,24497.232,2167.275,27.4,1.425010540789546,1,1
8627.913,24550.637,2142.35,29.77,1.612970112659074,1,1
9146.751,24123.578,2068.482,29.95,1.628406122054108,2,3
9149.672,24123.491,2062.397,25.72,1.236323864639264,2,3
8951.397,23901.904,2126.89,24.43,1.110485433749452,1,2
8961.127,23902.129,2106.604,22.64,0.8918945678483157,1,2
8970.856,23902.343,2086.318,20.97,0.6768541480424047,1,2
8989.084,23902.842,2048.483,16.28,-0.0663359331717214,4,2
8991.695,23902.881,2043.081,21.2,0.708751856519529,1,2
8840.499,23824.705,2137.124,18.7,0.320289675857082,1,1
8873.375,23825.73,2080.773,20.94,0.6716367605587211,1,1
8880.876,23825.9,2067.785,31.82,1.764081702747083,1,1
8819.19,23923.969,2109.431,21.64,0.7496902259544069,1,1
8840.582,23922.26,2063.168,12.25,-1.010127256959188,1,1
8845.687,23921.781,2052.319,19.28,0.4279758970525155,1,1
8852.094,23921.115,2038.772,26.81,1.352622764219689,1,1
9253.864,24358.185,2031.381,23.04,0.9569113671111468,2,3
9072.375,24675.936,1869.738,15.53,-0.2260343584838856,4,2
8836.671,23824.68,2143.574,17.6,0.1574694601346144,1,1
8824.275,24236.745,2024.601,23.05,0.9598238702141553,1,1
9251.887,24316.11,2048.904,19.36,0.4546060068018569,2,3
9257.55,24315.604,2029.469,21.45,0.7362201492726325,2,3
8860.117,24230.231,1942.308,17.78,0.1888601474323065,1,2
8904.556,24349.538,1977.39,15.19,-0.2992297324571836,1,2
8914.723,24349.393,1952.378,23.31,0.9950861809585091,1,2
8925.125,24349.269,1927.463,13.63,-0.6429968728276972,4,2
8877.078,24442.152,1943.555,14.51,-0.441521639120589,1,2
8880.378,24441.928,1935.997,20.01,0.541948112739518,1,2
8885.185,24441.573,1925.008,15.84,-0.1473156467698586,1,2
8843.73,24074.045,2027.635,14.26,-0.4977729726019548,1,1
8846.318,24074.012,2023.067,17.6,0.1574694601346144,1,1
8877.449,24100.683,2017.235,21.06,0.6893489967754678,1,1
8888.9,24100.268,1988.7,21.65,0.7514662173492839,1,2
8890.531,24148.209,1975.815,15.61,-0.2032832600460793,1,2
8734.442,24193.776,2019.323,15.1,-0.3216105535126583,1,1
8745.786,24193.135,1988.341,19.93,0.5293010943086739,1,1
8858.563,23920.401,2025.258,13.07,-0.768656186168192,1,1
8879.322,24072.778,1965.062,19.92,0.5235370133423165,1,2
8881.932,24072.704,1960.507,18.44,0.2887499011570309,1,2
8887.524,24072.484,1950.748,17.48,0.1277227319334971,1,2
8900.55,24071.818,1927.968,20.47,0.6183253383497413,1,2
8913.843,24099.523,1929.225,16.16,-0.09248112190533526,1,2
9173.8,24122.804,2012.421,13.45,-0.6872684123311904,4,3
9178.382,24122.704,2002.974,22.69,0.8995338605921871,2,3
8668.529,24121.847,2008.312,38.45,2.132347304323361,1,1
8685.462,24120.51,1965.833,17.76,0.1829275640059214,1,1
8687.948,24120.308,1959.56,18.19,0.2659426197205386,1,1
9054.136,23970.673,2009.533,20.02,0.5464658402252025,2,2
9042.363,24071.609,2009.029,13.79,-0.6150245032050715,4,2
9002.121,23903.192,2021.466,15.5,-0.2316410556979774,4,2
8920.624,24130.129,1952.606,19.92,0.5235370133423165,1,2
8934.285,24130.209,1925.898,16.88,0.05313151867054701,1,2
8859.099,24170.392,2054.195,14.5,-0.4473052807811119,1,1
8937.74,24130.177,1919.241,24.75,1.135844046865829,1,2
9011.236,23903.526,2002.55,17.8,0.195700178301204,4,2
8873.481,24168.283,2010.025,15.72,-0.1702462597226658,1,1
8886.69,24165.944,1969.435,15.09,-0.3265865358155304,1,2
9078.23,24258.816,1982.143,15.26,-0.275694418715956,4,2
9096.501,24257.215,1959.358,15.21,-0.2891623900104311,4,2
9102.178,24256.756,1952.39,17.18,0.09820786991299725,4,2
9107.69,24256.239,1945.614,11.01,-1.382554138712363,4,2
8838.963,24221.679,1981.696,14.74,-0.3939915513275801,1,1
8842.885,24221.474,1975.307,15.56,-0.2187730686115843,1,1
8856.31,24220.955,1953.633,14.69,-0.4129002748790691,1,2
8960.924,24252.39,1996.617,14.54,-0.4388180848338031,4,2
8734.521,24300.761,2042.405,17.73,0.17782697898639,1,1
8748.858,24300.327,2009.387,16.15,-0.09446571901893507,1,1
8804.2,24365.009,2012.1,11.99,-1.087257383536235,1,1
8807.668,24364.744,2005.456,10.04,-1.694922676668298,1,1
8836.935,24362.464,1949.713,17.82,0.2032832600460802,1,1
8893.539,24395.664,1958.242,13.97,-0.5703784351909373,1,2
8897.046,24395.417,1950.778,16.23,-0.07985488635468037,1,2
8966.49,24317.477,1958.97,8.99,-2.041320817984724,4,2
9003.374,24252.242,1921.542,25.48,1.214058006766454,2,2
9134.86,24296.995,2013.845,20.37,0.5900692211395774,2,2
8952.012,24318.582,2003.145,13.85,-0.5879638515001888,4,2
8956.229,24318.294,1990.324,15.73,-0.1663673486153114,4,2
8959.972,24317.988,1978.927,15.28,-0.2701504195141978,4,2
8916.173,24070.966,1900.628,12.41,-0.9636475233995438,4,2
8918.775,24070.815,1896.071,18.43,0.2849159942080873,1,2
8921.746,24070.609,1890.862,17.23,0.1066256435029915,1,2
8923.597,24070.474,1887.604,18.02,0.226489376607492,1,2
8953.526,24348.31,1862.128,19.01,0.3706279518353717,1,2
9023.616,23903.9,1976.882,19.32,0.4417658421101638,4,2
8501.429,24547.319,2167.918,14.93,-0.3494830060346986,1,1
9263.755,24358.377,2012.857,12.83,-0.8302341575863219,4,3
9185.224,24122.453,1988.79,10.5,-1.521525057392547,4,3
8915.114,23826.561,2007.883,15.22,-0.2861349357549179,1,2
8922.179,24099.365,1909.951,12.02,-1.066303901815332,4,2
8924.589,24099.355,1904.456,9.63,-1.826356297943905,4,2
8907.185,24219.151,1872.245,15.33,-0.2576216475998694,1,2
8878.257,24226.568,1902.942,15.36,-0.2510159186832716,1,2
9006.772,24252.234,1915.71,14.14,-0.5232079452607712,4,2
8470.681,24548.674,2216.781,13.52,-0.6612147922013155,1,1
8939.214,24392.789,1861.248,16.4,-0.04266827932052222,1,2
9152.833,24174.47,1958.964,17.15,0.09423192523971015,4,2
9155.836,24216.659,1940.159,19.28,0.4279758970525155,4,2
8896.255,24222.602,1865.202,13.95,-0.5760748876486936,1,2
8899.503,24221.889,1858.479,12.92,-0.8097875035197967,4,2
9381.413,24277.62,2051.869,22.96,0.9379922536086247,2,3
8949.715,23993.993,1945.289,16.96,0.06804603587484122,1,2
8780.821,24002.892,2071.277,8.94,-2.06149551619391,1,1
8782.457,24001.439,2063.323,10.64,-1.485020901649663,1,1
8789.914,23994.595,2026.436,16.5,-0.02132928514383572,1,1
8796.043,23988.864,1996.075,13.81,-0.5995663617741764,1,1
9000.266,24091.429,2032.723,14.15,-0.5206614945725153,4,2
9012.104,24089.928,1994.807,18.28,0.2724674655474523,4,2
9014.337,24089.653,1987.652,18.98,0.3655314769729693,4,2
9071.058,24122.195,1986.204,14.17,-0.5162668924323016,4,2
9018.14,24089.179,1975.492,14.09,-0.5394308637341484,4,2
9020.374,24088.89,1968.338,10.68,-1.476468783574247,4,2
9023.708,24088.436,1957.603,16.0,-0.1182041448033766,4,2
9025.481,24088.188,1951.876,13.31,-0.7257106128473522,4,2
9069.221,24122.256,1991.916,21.8,0.7630300992592185,2,2
9074.273,24122.088,1976.209,15.55,-0.223915797965116,4,2
8438.375,24571.334,2246.066,11.94,-1.105770397499153,1,1
8490.368,24568.164,2158.372,23.42,1.004362137503492,1,1
8494.531,24567.853,2151.256,16.69,0.007527483323829474,1,1
8485.449,24568.569,2166.781,19.32,0.4417658421101638,1,1
8473.656,24569.378,2186.801,15.25,-0.2784633268784,1,1
9254.922,24134.759,1977.219,16.37,-0.05397264705241303,4,3
8845.744,24167.205,1912.729,12.54,-0.9224239549564494,1,2
8967.604,24088.525,1989.915,15.57,-0.2159723028370965,4,2
8817.248,23969.413,2057.557,12.77,-0.8446521467252647,1,1
8974.29,24017.673,2066.891,21.37,0.7335555393663501,1,2
9096.281,24138.756,2022.517,15.02,-0.3357442993563017,4,2
8978.692,24087.405,1962.061,12.01,-1.075206508188439,4,2
8978.659,24016.451,2055.782,13.4,-0.7039217888285133,4,2
8980.577,24015.943,2050.922,11.29,-1.259733350500093,4,2
8916.527,23921.421,2099.665,7.67,-2.498541388891496,4,1
8943.819,23875.383,2120.34,11.7,-1.147894435191546,4,2
8957.02,23875.251,2087.656,12.0,-1.081081151414826,4,2
8946.499,23919.774,2033.397,11.22,-1.270157069914079,4,2
8770.119,24028.886,2027.963,13.56,-0.6514164127457129,1,1
8686.214,24023.728,2025.475,10.99,-1.397836528971104,1,1
9217.543,24286.36,2043.329,19.29,0.4334819661117883,2,3
9154.38,24072.652,2140.141,9.0,-2.033035998565145,4,3
9156.298,24072.587,2136.07,10.92,-1.419549387150267,4,3
9158.217,24072.496,2132.001,11.06,-1.347576438724951,4,3
8954.578,23919.209,2015.659,16.95,0.06624536930806667,1,2
8940.445,23875.363,2128.684,10.49,-1.526984757713756,4,2
9056.484,24610.344,1870.814,12.58,-0.91087286903535,4,2
9060.01,24610.204,1862.535,13.29,-0.73973721941389,4,2
8636.434,24052.389,2019.525,13.88,-0.5823737829194032,1,1
8731.587,24083.914,1976.15,18.73,0.329155505701297,1,1
8727.382,24087.657,1990.859,15.14,-0.3107633630346601,1,1
8739.743,24076.627,1947.411,12.55,-0.9193840350404711,1,1
8743.29,24073.451,1934.778,10.13,-1.627439798589889,1,1
8688.517,24023.68,2019.13,12.46,-0.9449317538612507,1,1
8714.082,24022.434,1948.633,13.02,-0.7799242980174863,1,1
8718.166,24022.232,1937.351,10.69,-1.47248228151676,1,1
8722.241,24022.013,1926.066,14.63,-0.4253986285380989,1,1
8786.477,23934.932,1944.028,15.18,-0.3018675465413707,1,1
8915.496,23950.1,2020.819,18.44,0.2887499011570309,1,2
8919.536,23950.073,2011.946,20.17,0.5584184075867601,1,2
8938.494,23950.251,1970.309,18.69,0.3146863274612085,1,2
8947.112,23950.233,1951.434,15.77,-0.160007869819929,1,2
8781.823,23935.904,1952.54,15.23,-0.280910849646044,1,1
9161.416,24072.359,2125.219,12.6,-0.8995338605921868,4,3
9163.016,24072.298,2121.828,10.09,-1.658750930414516,4,3
9165.9,24072.186,2115.726,9.18,-1.989544102139403,4,3
9168.466,24072.085,2110.304,13.85,-0.5879638515001888,4,3
9173.623,24071.924,2099.469,14.05,-0.548337400615995,4,3
9176.841,24071.794,2092.696,12.11,-1.044254200622883,4,3
9180.068,24071.678,2085.927,15.56,-0.2187730686115843,4,3
8774.455,24024.665,1998.579,14.85,-0.3682152867198257,1,1
8775.724,24023.401,1989.759,11.83,-1.120978413278392,1,1
8772.405,24026.661,2012.539,7.4,-2.646086805484946,4,1
8773.274,24025.824,2006.662,12.07,-1.054438857783395,1,1
8779.214,24020.024,1965.491,12.4,-0.9734487290930867,1,1
8781.53,24017.787,1949.308,9.57,-1.849567710374566,1,1
9215.861,24070.657,2011.603,13.86,-0.5848712899084626,4,3
9220.123,24070.532,2002.835,12.9,-0.81522107427356,4,3
9230.665,24070.33,1981.277,9.95,-1.727325905272592,4,3
9028.363,24087.778,1942.571,16.25,-0.07408727446138573,4,2
9236.176,24268.846,1986.575,17.08,0.08293188699882839,4,3
8543.622,24503.872,2175.539,14.69,-0.4129002748790691,1,1
9062.647,23829.304,2038.628,10.5,-1.521525057392547,4,2
9073.204,23829.765,2020.481,14.09,-0.5394308637341484,4,2
9076.994,23829.874,2014.01,10.89,-1.431970891035266,4,2
8973.732,23899.347,1979.303,15.73,-0.1663673486153114,4,2
8541.258,24506.154,2187.081,12.37,-0.9876515644974215,1,1
8506.298,24607.488,2208.563,11.82,-1.124670362998224,1,1
9305.318,24450.593,2026.895,14.41,-0.4640071225613518,4,3
9293.23,24451.022,1999.443,11.97,-1.097844783708499,4,3
9287.816,24451.222,1987.077,10.23,-1.579968353041125,4,3
9279.395,24451.613,1967.844,14.0,-0.5627963389464197,4,3
9272.49,24451.766,1952.037,19.34,0.4478644695355213,2,3
9302.892,24450.605,2021.408,10.71,-1.460584310173107,4,3
9299.866,24450.734,2014.547,11.64,-1.184446818906046,4,3
8831.345,23913.908,1921.888,18.18,0.2613873726778878,1,1
8832.565,23913.803,1919.149,16.09,-0.1043180970251652,1,1
9057.372,23829.119,2047.705,22.66,0.8945772913748138,2,2
9043.083,23870.764,2053.425,14.59,-0.4338067047871358,4,2
9047.573,23870.611,2042.298,8.69,-2.14866935108045,4,2
8725.293,24021.845,1917.601,12.63,-0.8864505912695493,1,1
9198.513,24071.155,2047.364,12.48,-0.9408879068214813,4,3
8811.311,24128.952,1917.594,10.12,-1.635118104912348,1,1
8816.785,24128.346,1904.452,15.69,-0.17782697898639,1,1
8828.403,24127.12,1876.82,11.86,-1.116368890290763,1,2
8838.937,24126.07,1851.982,14.55,-0.4373666958585916,1,2
8841.273,24125.82,1846.461,16.58,-0.01206676694862663,1,2
8970.574,24132.092,1904.999,12.93,-0.8056920745819013,4,2
8855.097,24166.407,1888.215,10.04,-1.694922676668298,4,2
8857.495,24166.156,1881.911,16.14,-0.09612232146676279,1,2
8947.253,24214.686,1905.708,15.17,-0.3039925024087464,4,2
8954.556,24213.976,1890.929,13.29,-0.73973721941389,4,2
9316.469,24319.931,2043.573,10.07,-1.681512147602227,4,3
9195.265,24071.264,2054.124,9.87,-1.754457029413592,4,3
8866.477,24270.471,1884.994,13.39,-0.7099537882250979,1,2
8885.621,24219.902,1906.517,15.44,-0.2388082722750247,1,2
8941.211,24130.146,1912.592,11.44,-1.22064034884735,4,2
8830.285,23869.538,1919.39,14.41,-0.4640071225613518,1,1
8833.455,23869.214,1909.385,16.71,0.01725295333017901,1,1
8905.095,23646.929,1975.309,15.9,-0.13826321114163,1,2
8910.914,23641.085,1954.375,15.64,-0.1923633137225106,1,2
9052.065,23870.476,2031.171,8.54,-2.185692148598918,4,2
9056.009,23870.267,2021.442,10.79,-1.446700094316373,4,2
9209.19,24087.969,2030.146,13.98,-0.5684457327778691,4,3
9060.226,23870.151,2011.014,12.86,-0.8231716109385887,4,2
9203.414,24071.012,2037.239,15.69,-0.17782697898639,4,3
9219.9,24078.087,1982.84,14.41,-0.4640071225613518,4,3
9321.064,24317.342,2033.641,11.09,-1.334066137964626,4,3
8518.357,24535.207,2191.82,15.69,-0.17782697898639,1,1
9031.208,23853.79,2037.9,13.02,-0.7799242980174863,4,2
9033.523,23853.765,2034.042,17.05,0.07912030015842841,4,2
9036.97,23853.724,2028.238,12.27,-1.006671422188016,4,2
9040.417,23853.68,2022.435,14.26,-0.4977729726019548,4,2
9045.014,23853.615,2014.698,11.45,-1.213900562537791,4,2
9048.08,23853.566,2009.541,11.36,-1.247505479842008,4,2
9051.927,23853.501,2003.102,11.18,-1.29287144505782,4,2
9054.236,23853.461,1999.241,10.14,-1.622874460482299,4,2
9056.929,23853.411,1994.734,9.9,-1.745875770478831,4,2
8961.726,23981.918,1910.205,10.32,-1.561323846635303,4,2
8969.57,23973.922,1887.297,13.36,-0.71518316991643,4,2
8876.077,24164.252,1832.846,18.48,0.2913351297361597,1,2
8646.497,24158.956,1988.626,15.31,-0.2621072164095287,1,1
9022.204,24167.736,1888.677,10.61,-1.491288667808458,4,2
9024.878,24167.457,1880.878,13.5,-0.670557440622858,4,2
8693.004,24223.079,1995.765,14.32,-0.4767855618562307,1,1
8699.736,24222.669,1978.27,14.0,-0.5627963389464197,1,1
8661.207,24271.382,2017.558,15.97,-0.127178817712896,1,1
8771.917,24341.388,1983.746,13.49,-0.6800125783688008,1,1
9117.012,24344.766,1883.519,12.4,-0.9734487290930867,4,2
8677.358,24270.935,1983.718,13.64,-0.6394618524871729,1,1
8670.902,24271.122,1997.256,16.72,0.01907485377474495,1,1
8673.808,24271.037,1991.164,10.8,-1.445573326263456,1,1
8663.793,24271.303,2012.145,11.06,-1.347576438724951,1,1
8708.051,24371.266,2038.544,12.04,-1.059405687690775,1,1
8735.31,24370.994,1985.937,12.99,-0.7918838091374322,1,1
8614.124,24379.01,1992.622,18.88,0.3454185934212669,1,1
9194.897,24406.244,1926.593,11.67,-1.166918601135317,4,2
8752.847,24425.28,2002.721,11.36,-1.247505479842008,1,1
8762.858,24425.181,1982.572,19.35,0.4502330983925351,1,1
9011.326,24430.291,1851.785,11.02,-1.373839467377086,4,2
8732.738,24437.315,2033.885,14.06,-0.5466177705887929,1,1
8736.876,24437.016,2026.754,18.16,0.2549019905594725,1,1
9117.538,24510.469,1870.385,20.35,0.5867185389321475,4,2
9118.606,24509.471,1867.765,11.34,-1.251742727748928,4,2
9121.002,24507.214,1861.872,9.63,-1.826356297943905,4,2
9122.859,24375.877,1883.094,14.19,-0.5134698032229739,4,2
9134.893,24363.279,1849.887,12.95,-0.7993760514669784,4,2
9136.585,24361.521,1845.239,10.24,-1.570956894214939,4,2
9139.233,24358.71,1837.948,14.79,-0.3870776830245226,4,2
9141.639,24356.146,1831.323,20.27,0.5731153914071752,4,2
8808.773,24729.575,2029.593,18.03,0.2303577805968853,1,1
8810.76,24727.791,2025.073,7.66,-2.513729282408581,4,1
8813.026,24725.759,2019.902,11.19,-1.288503215653324,1,1
8817.882,24721.479,2008.917,9.2,-1.975843324328311,4,1
8819.033,24720.48,2006.333,13.8,-0.6059551370107433,1,1
9061.054,24563.968,2009.049,15.81,-0.152050274614092,4,2
9067.508,24557.872,1993.39,38.9,2.201265857132476,2,2
9070.154,24555.289,1986.865,12.02,-1.066303901815332,4,2
9075.78,24549.959,1973.154,13.79,-0.6150245032050715,4,2
9079.791,24546.163,1963.353,13.43,-0.6927148969290063,4,2
9081.41,24544.66,1959.432,30.78,1.709008404355569,2,2
9083.831,24542.408,1953.547,12.8,-0.8409063506463136,4,2
9086.529,24539.921,1947.007,11.13,-1.321945840856701,4,2
9016.245,24708.013,1982.281,9.7,-1.808023650260289,4,2
9021.702,24702.388,1971.289,11.68,-1.154614690162658,4,2
9025.951,24698.041,1962.728,11.31,-1.25705061449762,4,2
9048.174,24676.017,1918.718,11.66,-1.179401750967482,4,2
9051.265,24672.93,1912.621,12.22,-1.015617367319406,4,2
9060.057,24664.395,1895.567,9.74,-1.794270820978284,4,2
9075.951,24423.354,2011.529,7.89,-2.366519530608992,4,2
9077.702,24421.717,2006.858,11.13,-1.321945840856701,4,2
8865.737,24629.864,2019.274,14.13,-0.5255652830602849,1,1
8875.921,24619.887,1987.036,11.68,-1.154614690162658,4,2
9112.566,24619.757,1968.018,12.37,-0.9876515644974215,4,2
9115.829,24616.684,1959.36,13.8,-0.6059551370107433,4,2
9118.809,24613.853,1951.353,14.66,-0.419230387017389,4,2
9121.999,24610.754,1942.677,13.83,-0.5939395388892443,4,2
8962.819,24662.835,1984.476,10.1,-1.650770602142698,4,2
8968.225,24662.813,1975.474,11.09,-1.334066137964626,4,2
8974.406,24662.809,1965.188,13.32,-0.7230720375879416,4,2
8889.461,24763.972,2009.553,12.51,-0.9312154494371613,4,2
8902.971,24763.923,1986.177,9.84,-1.764007974113077,4,2
8920.921,24763.773,1954.972,11.23,-1.267914003042705,4,2
8938.76,24763.653,1923.703,11.42,-1.225942748902993,4,2
8825.364,24714.987,1992.121,10.96,-1.404313792976215,1,1
8841.403,24700.765,1956.003,9.81,-1.773770693841677,4,1
9030.198,24610.982,1932.982,13.15,-0.7568286227057104,4,2
9033.402,24610.952,1925.379,13.58,-0.6486054536084518,4,2
9038.347,24610.842,1913.628,10.93,-1.416049976571499,4,2
9042.71,24610.727,1903.259,13.21,-0.7476843639529372,4,2
9047.672,24610.612,1891.515,11.61,-1.195011121066053,4,2
9031.17,24775.329,1893.778,12.99,-0.7918838091374322,4,2
8919.965,24898.479,1913.068,10.54,-1.509488119671935,4,2
8924.477,24898.492,1907.077,15.79,-0.1574694601346144,1,2
8933.065,24898.483,1895.706,12.67,-0.8757667054130063,4,2
8861.711,25025.261,1986.844,14.85,-0.3682152867198257,1,2
9002.93,24676.782,1995.881,16.31,-0.06151263655249821,4,2
9054.275,24676.26,1902.578,11.08,-1.340928593403281,4,2
9058.611,24676.207,1894.692,14.93,-0.3494830060346986,4,2
8958.668,23853.98,2158.807,14.47,-0.4526659543455351,4,2
8964.426,23854.005,2149.143,12.24,-1.012585672830608,4,2
8969.034,23854.026,2141.412,10.34,-1.555724492877507,4,2
8971.719,23854.041,2136.9,8.77,-2.119727080888516,4,2
8847.905,23879.948,2186.562,12.59,-0.9070613893606345,1,1
8849.716,23879.989,2181.634,15.27,-0.2722561097990284,1,1
8851.529,23880.029,2176.707,9.47,-1.881948078397961,4,1
8853.603,23880.074,2171.077,8.1,-2.306527464376411,4,1
8858.792,23880.171,2157.003,10.38,-1.544972827274865,1,1
8862.169,23880.222,2147.857,16.09,-0.1043180970251652,1,1
8863.994,23880.246,2142.935,12.12,-1.040089549800798,1,1
8865.826,23880.268,2138.015,11.44,-1.22064034884735,1,1
8871.337,23880.334,2123.261,16.4,-0.04266827932052222,1,1
8873.95,23880.354,2116.23,14.29,-0.4863253889226354,1,1
8877.882,23880.378,2105.69,13.04,-0.7714496755296383,1,1
8879.989,23880.389,2100.072,15.75,-0.1620645009469155,1,1
9291.938,24379.4,2155.181,13.65,-0.6361228453999478,4,3
9294.915,24376.584,2143.903,13.49,-0.6800125783688008,4,3
9299.854,24371.764,2124.865,13.38,-0.7123035744316678,4,3
9057.842,24440.585,2060.239,9.44,-1.905769159117517,4,2
9009.193,24300.667,2149.88,22.46,0.8649895318407892,2,2
9243.957,24363.5,2202.451,11.03,-1.366889578519292,4,3
9247.84,24361.067,2193.845,10.18,-1.609341572910533,4,3
9249.977,24359.829,2189.212,26.76,1.341823661995527,2,3
9254.505,24357.074,2179.289,25.19,1.180323539781963,2,3
9285.306,24366.618,2145.205,12.3,-1.002056477837372,4,3
9287.55,24364.498,2138.37,11.79,-1.135636575874639,4,3
8694.422,24347.557,2216.346,7.22,-2.743851148942137,1,1
8696.823,24347.366,2209.244,8.71,-2.142309278308116,1,1
9158.636,24341.304,2215.953,22.6,0.8808881195869303,2,3
9162.641,24337.538,2204.449,8.46,-2.202361705672925,4,3
9164.294,24335.979,2199.716,11.67,-1.166918601135317,4,3
9180.982,24320.411,2151.606,12.52,-0.9261763243026125,4,3
8711.615,24323.878,2216.735,10.37,-1.547106325723979,1,1
8980.373,24344.277,2215.812,16.51,-0.01631011628532429,2,3
8997.988,24344.242,2173.589,18.09,0.2471336338581233,2,3
9005.987,24344.169,2154.172,12.4,-0.9734487290930867,4,2
8692.703,24425.796,2125.253,15.66,-0.1867943686820364,1,1
9140.58,24459.439,2104.53,13.67,-0.6311610561155468,4,3
9142.913,24457.177,2096.947,9.35,-1.939059176375789,4,3
9153.77,24446.729,2061.79,14.27,-0.4921368228083809,4,3
9157.78,24442.812,2048.688,13.64,-0.6394618524871729,4,3
9274.985,24344.448,2134.321,11.16,-1.301190684205984,4,3
9277.718,24342.803,2128.372,13.02,-0.7799242980174863,4,3
9280.146,24341.342,2123.084,12.73,-0.8526797904714596,4,3
9282.871,24339.699,2117.131,17.9,0.2136361188311631,2,3
9368.543,24449.264,2168.679,14.3,-0.4822482148379231,4,3
9365.747,24449.329,2162.535,12.52,-0.9261763243026125,4,3
9362.958,24449.408,2156.389,15.65,-0.1888601474323067,2,3
9354.964,24449.71,2138.606,9.5,-1.871188480525935,4,3
9332.63,24276.319,2178.81,28.68,1.538286089058888,2,3
9098.067,24298.964,2181.594,15.34,-0.255797918612133,4,3
8890.077,24322.617,2191.164,15.85,-0.1439962694993337,1,1
8624.5,24575.835,2215.167,14.84,-0.3703266106761892,1,1
8681.934,24577.886,2108.973,23.68,1.038027309221355,1,1
8708.183,24578.686,2060.08,13.41,-0.6991080877832274,1,1
8927.776,24627.605,2044.265,12.45,-0.9515182841460368,4,2
9162.051,24355.755,2211.839,13.49,-0.6800125783688008,4,3
9168.711,24355.912,2198.4,10.72,-1.457868275033493,4,3
9172.038,24356.017,2191.679,11.02,-1.373839467377086,4,3
9205.956,24320.812,2201.051,19.23,0.4142668635342554,2,3
9207.503,24320.669,2196.036,21.88,0.7790850983123341,2,3
8880.615,24322.973,2219.631,11.97,-1.097844783708499,1,1
8718.327,24370.195,2177.004,13.75,-0.6198025550576048,1,1
8724.865,24369.827,2164.347,12.31,-0.9975733229149146,1,1
8714.106,24472.251,2192.373,10.89,-1.431970891035266,1,1
8721.882,24471.851,2179.553,14.25,-0.5001008771029269,1,1
8726.587,24471.714,2171.882,14.98,-0.3403363592967935,1,1
