Norte,Este,Cota,dist_3d_m,Rec_Peso_PND25_(%),recpe,diferencia
25603.992,8896.836,1514.132,7.041333964526431,12.4,12.56281757,-0.16281756999999963
26029.625,9011.871,1839.699,8.086523789614757,15.4,15.37941742,0.020582580000001016
25708.682,8913.27,1586.962,4.92944905643623,16.1,15.95104885,0.14895115000000203
25143.9,8943.9,1475.9,6.688049042883817,14.6,14.79894257,-0.19894256999999982
25789.857,8868.632,1652.174,9.781776372418097,15.1,15.04849243,0.05150757000000006
24980.459,9098.023,1884.722,7.978188641540786,15.5,15.61441803,-0.1144180299999995
25827.915,8654.587,1219.739,2.8223952593499244,12.0,12.00000095,-9.500000004436515e-07
25804.168,8862.301,1626.027,7.3427892520501015,15.5,15.41382408,0.08617592000000052
25604.292,8881.648,1561.505,7.0983936915339125,19.9,19.54638863,0.3536113699999994
24968.162,8977.652,1835.855,5.343909898192324,17.6,17.48542976,0.1145702400000026
26398.533,8969.611,1605.232,8.669038816385962,12.8,12.80000114,-1.1400000001771105e-06
24752.244,9130.378,1804.749,7.171918920343607,17.2,16.87456703,0.3254329699999978
24386.705,9096.264,1414.744,3.134526599025076,17.4,17.32188225,0.07811774999999699
25036.903,8958.958,1489.077,6.838793899511114,13.2,13.45515251,-0.2551525100000003
24910.374,9087.109,1786.668,6.555911912160178,16.2,16.22631073,-0.02631073000000228
24983.83,8904.454,1340.92,4.032792580828731,10.7,10.79146099,-0.09146098999999985
24966.796,9065.842,1687.697,5.769175764354774,16.4,16.45325661,-0.053256610000001814
25759.923,9026.392,1739.631,10.386999277942783,11.8,12.60742092,-0.8074209199999984
25546.81,8829.641,1663.994,9.071219157313237,13.4,13.6623745,-0.26237449999999995
25500.241,8963.463,1775.981,3.4903883738075216,17.1,17.16914177,-0.0691417699999981
26157.295,9037.527,1819.228,4.13929196844104,18.3,18.21307182,0.08692818000000102
25551.583,9000.904,1707.236,8.614975391724135,16.0,16.29027939,-0.29027938999999847
25906.389,9048.852,1837.166,5.483956692024461,15.4,15.38771534,0.012284660000000613
25105.127,8900.779,1422.067,6.6562345962258815,20.4,20.01387024,0.3861297599999993
26212.873,8904.72,1438.238,7.376460736695125,15.8,15.80000019,-1.8999999973345894e-07
25382.002,8963.005,1650.13,8.863685971423246,21.2,21.19844437,0.0015556299999985868
25376.577,8969.47,1489.101,5.6908725165822585,15.5,15.5,0.0
26198.206,9047.681,1854.555,5.463444151816454,16.9,16.83794022,0.062059779999998455
25226.736,8974.54,1724.471,7.0278116793208145,20.4,20.42209435,-0.022094349999999707
25995.647,8909.568,1686.941,5.575187351111969,22.0,22.0,0.0
26195.432,8974.095,1590.598,9.920345407292627,14.3,15.76309776,-1.4630977600000001
24802.397,8957.61,1518.692,6.8813932455567715,21.6,21.12189865,0.47810135000000287
24801.809,8971.927,1480.811,7.265915702785772,10.6,10.9648962,-0.36489620000000045
24841.415,8914.196,1368.848,5.413939877760677,19.1,18.73090363,0.3690963700000012
24843.411,8934.162,1320.334,9.327042457285128,10.2,11.28322887,-1.083228870000001
26196.2,8961.6,1628.3,7.203471385379989,23.5,22.53435516,0.9656448399999995
26790.971,9023.016,1672.205,4.008880392330387,15.4,15.39999962,3.800000012432747e-07
26590.951,9025.886,1763.335,1.9701832402083628,14.8,14.76724434,0.032755660000001185
25155.122,8917.383,1551.959,3.584167127799125,16.0,15.94982433,0.050175669999999783
24384.428,9103.667,1378.819,7.151491732499007,15.1,15.19096088,-0.0909608800000008
24952.633,8879.8,1312.159,6.8442654828679075,15.1,14.61026955,0.4897304499999997
26024.492,9032.406,1749.141,3.6592049682942474,14.1,14.17712879,-0.07712878999999973
24950.973,8880.246,1284.463,8.309970758070357,14.3,14.01377106,0.2862289400000009
24752.322,9139.848,1745.501,7.123958801116188,13.2,15.12967014,-1.9296701400000007
26001.25,9047.035,1809.462,6.859531252206623,14.8,14.83963299,-0.039632989999999424
25810.498,8940.182,1560.526,8.709638568849684,14.7,14.56654739,0.13345260999999908
25652.673,8990.151,1751.717,8.24959508097159,21.0,20.64297867,0.35702132999999847
25400.771,8927.508,1614.124,7.36253224101535,15.6,15.76394367,-0.1639436700000001
25703.791,8944.257,1694.997,8.397245917560927,22.5,20.87524223,1.6247577699999987
24981.964,8891.163,1270.948,7.566939209482108,12.6,12.3397274,0.2602726000000004
25500.099,8809.253,1630.409,5.771056315788054,16.2,16.14918137,0.05081862999999842
24752.343,9142.064,1731.425,5.764578909166361,18.5,17.26836014,1.2316398600000014
25807.92,8941.67,1609.185,6.561594699462614,13.9,13.91422272,-0.014222719999999356
25594.014,9047.154,1780.753,7.593017911212329,14.9,16.48135757,-1.5813575699999998
24971.701,9046.367,1732.94,1.6433776194165104,17.2,17.19075966,0.00924033999999807
24978.542,9092.324,1822.01,6.6262236605786775,16.4,16.66834831,-0.26834831000000037
24978.05,9090.823,1805.586,7.205083275021129,18.8,18.01652718,0.7834728200000001
25706.63,8928.308,1639.566,4.50645315076103,12.7,13.4954567,-0.7954567000000008
25807.131,8756.927,1402.719,5.708541932926977,14.7,14.69999886,1.1400000001771105e-06
25796.015,8826.699,1550.136,3.26807619250281,18.9,17.15582657,1.74417343
24778.355,9136.407,1788.873,3.9831900532107154,14.0,14.16794395,-0.16794394999999973
24393.702,9070.067,1541.627,8.93484314356008,22.8,23.05593872,-0.2559387199999996
24437.368,9247.887,1603.439,8.203896269455791,13.3,13.30000019,-1.8999999973345894e-07
24839.302,9144.344,1824.939,3.1026216333933396,13.1,13.14932156,-0.049321560000000986
24598.74,9012.644,1326.939,2.72085593150442,11.0,11.11972904,-0.11972903999999929
24598.706,9021.461,1285.108,4.558576641891676,14.5,14.37736511,0.1226348900000005
24592.792,9074.611,1465.014,5.351334506456012,14.6,14.60000038,-3.800000012432747e-07
25710.441,8896.43,1528.62,6.938932266566161,13.8,13.89790535,-0.09790534999999956
24752.29,9137.149,1762.539,5.2501259032527905,15.4,15.44231319,-0.04231318999999978
26591.985,9016.859,1793.496,2.170972593102224,14.5,14.51171589,-0.011715889999999618
24382.829,9108.692,1354.638,6.606069103481993,15.3,15.28241253,0.017587470000000494
25169.873,9049.748,1822.406,5.3088105070716365,22.2,22.20000267,-2.6700000006485425e-06
25593.48,9084.266,2265.255,9.422801122808108,9.34,12.03394985,-2.693949850000001
25997.772,9038.357,2279.299,9.235249536423387,16.47,16.88793945,-0.4179394500000022
25500.22,9049.319,2288.893,5.290804286684789,13.3,13.84248066,-0.542480659999999
26000.471,9099.841,2305.887,9.182259580298595,26.72,22.70690536,4.0130946399999985
25999.419,9023.762,2252.374,8.699487398693321,13.83,18.54434395,-4.714343949999998
25993.583,9073.272,2205.183,7.5958779611045895,14.44,15.4901123,-1.0501123000000003
25399.355,9048.789,2266.071,10.133093653963739,19.24,18.81424332,0.4257566799999992
25092.534,9067.713,2238.807,4.582551036267912,17.37,18.16727448,-0.7972744799999987
25082.242,9129.889,2244.423,7.077203826369281,25.96,24.53936577,1.420634230000001
25196.688,9062.462,2265.821,7.190954665411701,24.01,23.55637932,0.4536206800000002
25290.781,9043.187,2256.849,3.804698542590971,15.79,16.73489761,-0.9448976100000017
25543.847,9012.635,2202.188,5.420791270654512,23.35,22.21459389,1.1354061100000017
25171.782,8989.51,2265.928,9.048027851415855,20.78,20.14517021,0.6348297900000013
25196.402,9062.121,2240.324,3.7721639678052554,21.87,22.5603466,-0.690346599999998
25249.811,9063.041,2256.432,7.643888146750022,19.99,21.10344315,-1.113443150000002
25249.48,9040.442,2199.236,8.515248675171014,16.87,16.81688881,0.05311119000000275
25406.911,9091.656,2228.654,3.5862198761361777,12.01,13.2220068,-1.212006800000001
25952.407,9103.017,2151.823,5.3356599404378695,20.16,18.97972488,1.180275120000001
25778.889,8994.647,2203.276,6.821004764695831,16.45,16.90090942,-0.4509094200000021
25999.319,9028.434,2244.682,7.940544124931706,24.35,20.77255821,3.5774417900000017
25985.487,9137.61,2205.559,10.206456290014984,10.95,12.63182926,-1.6818292600000007
26055.202,9003.739,2246.199,4.75116048981801,18.72,11.65999985,7.060000149999999
26046.195,9018.153,2217.913,8.887913309658535,16.89,18.33117867,-1.4411786699999993
26038.633,9029.95,2193.963,6.1884212849489755,26.22,23.4217701,2.798229899999999
26102.546,9116.519,2196.693,5.331109265432927,12.65,13.00617886,-0.35617886
26090.522,9159.22,2224.988,8.532937829375271,19.18,17.3892498,1.790750199999998
25448.903,9143.638,2281.744,6.9227876610515375,25.09,24.74552536,0.3444746400000014
25652.903,8971.076,2188.753,9.148234474476043,19.89,19.33733368,0.5526663200000002
26094.034,9131.049,2277.766,7.440047916512111,20.45,18.36794281,2.0820571900000004
25550.705,9047.175,2267.937,8.468979808688532,26.99,24.48923874,2.5007612599999973
25553.479,9105.432,2270.934,4.336752356315165,38.75,30.86226082,7.8877391800000005
25502.995,9174.171,2270.211,6.010140347778023,28.0,27.80647469,0.19352530999999829
25589.465,9142.642,2294.111,7.288807172644901,23.56,23.99328804,-0.43328804000000076
25632.384,8991.802,2265.648,7.562444313844603,23.6,22.71552849,0.8844715100000009
25797.657,9115.771,2277.096,4.66286457019725,9.69,13.29672146,-3.606721460000001
25847.223,9097.399,2271.308,5.429806073886438,29.54,22.75481224,6.7851877599999995
25799.947,9120.984,2233.907,7.947686078350069,17.05,17.16030312,-0.11030311999999753
25894.732,9027.802,2272.641,7.757119890784066,25.41,21.37240219,4.037597810000001
25887.782,9094.331,2263.745,6.287058930851375,26.14,21.93207932,4.207920680000001
25903.706,9090.469,2284.083,5.801748529538585,20.03,18.23223686,1.7977631400000007
25948.532,9132.75,2287.515,2.4754290537194628,13.34,14.49603176,-1.1560317599999994
25948.323,9087.432,2266.384,6.633054273862363,17.04,17.61314201,-0.5731420100000015
25997.111,9026.228,2299.123,5.845804820553356,11.66,11.65999985,1.4999999997655777e-07
26000.602,9099.859,2268.387,9.386642317677644,16.41,17.00801086,-0.5980108599999987
25984.761,9129.744,2296.717,10.424526176281791,16.27,17.51434708,-1.2443470800000007
25984.794,9130.633,2286.255,8.592039920765384,15.12,15.31727219,-0.1972721900000014
25984.87,9131.67,2274.3,8.285276096786705,17.42,15.3644619,2.0555381000000015
26001.181,9151.562,2297.13,8.976998663250056,25.87,16.92651749,8.943482510000003
26001.529,9155.685,2264.65,9.340479966255318,16.99,13.04286385,3.9471361499999986
26046.478,9122.364,2306.83,7.871586879404417,17.5,15.44636059,2.0536394100000006
26046.043,9130.638,2296.171,10.038731692797445,11.21,14.75865459,-3.54865459
26044.841,9150.78,2270.059,8.81233011183754,7.2,11.00117493,-3.8011749299999993
26044.489,9156.304,2262.963,8.96609759036906,11.47,12.35391426,-0.8839142599999992
24937.082,9078.635,2143.278,8.715115202911278,27.88,27.07837486,0.8016251399999987
25000.798,9209.18,2162.371,6.831972262824647,22.89,20.27684021,2.613159790000001
25826.092,9049.107,2218.272,7.222596278347383,19.44,19.27900124,0.1609987600000018
25034.508,8979.955,2152.196,5.355044817740173,26.52,26.1836586,0.33634139999999846
25146.143,9044.492,2179.372,7.103090665337196,26.98,26.57564926,0.4043507400000017
25294.717,8881.722,2164.516,8.469629803008461,38.46,29.0906601,9.3693399
25277.669,8901.546,2177.68,7.866452631270153,37.59,34.61853027,2.9714697300000026
25507.842,9011.123,2100.682,9.122127876762137,27.1,24.87880516,2.2211948400000026
25696.995,9062.929,2100.967,8.195984077582704,27.68,23.84113503,3.8388649699999995
24697.001,9256.22,2216.589,6.9604110510799355,23.25,22.50253487,0.7474651299999984
25072.189,9166.261,2168.542,5.557212070815452,23.79,23.36639214,0.4236078600000006
25441.951,9023.816,2102.756,6.612018829374879,23.79,22.96831512,0.8216848799999994
24697.927,9245.192,2240.392,5.039132564241917,20.34,20.37264633,-0.03264632999999861
24970.594,8999.457,2140.382,5.639468857968779,28.51,25.53500748,2.9749925200000007
25052.038,9092.551,2115.591,8.621213719657359,22.42,21.35699654,1.063003460000001
25340.202,9047.246,2088.163,8.78150835562887,23.0,20.52698708,2.4730129199999986
25646.15,9060.45,2100.999,8.049099390614586,15.68,15.52139854,0.15860145999999986
25646.013,9019.8,2100.883,8.308781980531109,20.63,20.56583023,0.06416976999999946
25033.662,8989.882,2167.187,5.028134544738917,29.72,28.34173584,1.3782641600000005
25751.792,9066.206,2099.358,6.99913308917618,19.61,19.25937653,0.3506234699999986
25752.783,9037.832,2101.842,6.33350432225324,22.22,20.95506096,1.264939039999998
25610.492,9072.026,2103.685,8.515337045591572,19.19,18.24697876,0.9430212400000002
25645.831,8998.957,2098.324,7.236185873788006,20.26,20.22477531,0.03522469000000328
25057.028,9080.795,2140.223,7.4188636596190625,21.14,20.36577988,0.774220119999999
25709.756,9101.177,2203.23,7.248293937197095,23.47,22.2577858,1.2122141999999982
25154.414,9155.229,2169.563,2.8234386835918164,13.01,13.9646349,-0.9546349000000003
25001.059,9209.03,2127.872,6.86846161815005,26.96,24.75579834,2.2042016600000025
25030.023,9032.652,2231.411,5.190814386971957,18.09,18.6484623,-0.5584622999999986
25448.335,8872.682,2141.834,6.442352443013545,28.65,27.92974281,0.7202571899999981
25090.235,9104.721,2171.899,4.955730723112044,26.39,25.6517086,0.7382914000000014
25752.826,8992.797,2100.235,7.598665014329598,26.3,23.11593246,3.184067540000001
25164.123,8944.601,2169.836,4.12555765927484,18.78,18.72379684,0.05620316000000258
24751.242,9219.641,2187.987,8.102383229642077,19.68,19.84345627,-0.16345627000000107
24965.037,9021.512,2117.518,9.62719258143263,19.02,21.09285545,-2.0728554499999987
24850.611,9149.542,2155.046,5.538971113843367,23.29,23.01739311,0.2726068899999987
25091.582,8969.721,2150.908,5.066066422778009,19.93,20.16479492,-0.2347949199999988
25158.073,8968.865,2127.125,8.208969423746312,17.92,18.53638458,-0.6163845799999983
24750.792,9205.31,2210.865,3.68871102148282,20.26,21.77732658,-1.5173265799999989
24847.037,9254.352,2178.989,6.52620824062456,23.11,22.76652527,0.3434747300000005
24796.648,9272.895,2208.454,6.164985401443008,26.63,19.7482338,6.881766199999998
24996.478,9050.763,2189.476,10.143038450090028,22.07,20.17959785,1.89040215
25340.245,9035.538,2099.79,10.298959607650414,17.55,19.82050705,-2.270507049999999
25387.938,9056.252,2102.442,6.925511677848548,12.98,13.38725853,-0.40725853
25195.929,9061.111,2169.085,4.483813889981801,19.4,19.87752342,-0.4775234200000007
25759.809,8990.582,2138.527,8.602030806734728,15.36,18.81340599,-3.4534059900000003
25151.815,9121.323,2242.251,3.7485403826021853,24.47,23.6422596,0.8277403999999997
25463.136,9063.494,2155.462,5.4850684590085415,20.73,19.7052021,1.0247978999999994
25597.836,9047.796,2125.729,6.324314429248959,21.28,21.15313339,0.12686661000000043
25153.202,9138.946,2204.98,8.486113362429304,23.53,21.41197205,2.118027950000002
24943.501,9113.855,2223.758,4.03925611963426,20.4,19.90682602,0.4931739799999981
25029.374,9040.564,2243.245,5.477681717661077,23.22,20.96052933,2.259470669999999
25297.131,8986.194,2161.312,8.279078511524514,24.13,20.59841728,3.5315827199999994
25261.978,8992.814,2269.62,5.755473916194194,22.78,20.88338852,1.8966114800000007
25252.968,9135.595,2215.772,5.621301717573247,14.75,15.24954414,-0.49954413999999936
25759.82,8991.521,2128.069,9.833595578423532,16.39,19.88153458,-3.4915345799999997
24847.853,9223.723,2247.444,6.904235946142597,17.72,19.07335281,-1.3533528100000005
24999.11,9190.386,2260.645,6.532390144502397,22.91,22.34430504,0.5656949600000019
25249.369,9033.629,2181.768,7.042629196541653,19.96,18.49306107,1.4669389300000013
25253.233,9122.013,2184.059,5.436905277820662,15.98,16.70232773,-0.72232773
25253.791,9097.781,2127.537,6.8455833206524375,16.24,16.40382576,-0.1638257600000017
25296.444,8997.352,2139.232,6.723604985423335,19.31,19.88977814,-0.5797781400000019
25405.866,9088.701,2193.545,5.657683448195645,20.99,19.63471413,1.3552858699999994
25462.966,9080.627,2130.836,9.170015321688188,18.08,17.95398903,0.1260109699999994
25585.007,9124.22,2250.066,7.879581524421004,27.31,26.79996681,0.5100331899999979
24750.131,9179.827,2250.646,8.786319252109912,10.58,12.15965271,-1.5796527099999995
24750.007,9051.668,2253.124,6.044555318632725,30.82,29.38910484,1.4308951599999986
24797.239,9246.694,2269.011,6.123796044939103,20.43,20.9988575,-0.5688575
24949.709,9105.309,2243.624,7.302639111991197,20.65,19.58979988,1.0602001199999975
24997.403,9050.332,2218.708,9.290258177252875,17.95,18.57090569,-0.6209056900000007
25195.858,9061.308,2181.083,4.2819291213181625,23.96,20.46217728,3.497822720000002
24750.501,9196.046,2225.413,3.802063387162523,23.52,19.65002251,3.86997749
24899.46,9253.576,2231.413,4.602276067338767,30.29,26.96967506,3.320324939999999
25196.055,9060.766,2148.089,6.282650873636293,19.23,19.20365143,0.026348569999999683
25270.633,9012.144,2181.328,3.6077706412676296,19.13,19.0932312,0.03676879999999727
25253.506,9108.391,2152.363,5.2411531173958,21.9,20.89979362,1.000206379999998
25297.565,8974.937,2184.189,5.216408247061615,15.87,17.52588844,-1.65588844
25463.294,9047.645,2178.24,6.5447735636911055,19.16,19.43870735,-0.27870735000000124
25103.324,8976.754,2218.389,7.429388467431215,40.83,37.63652039,3.193479609999997
25891.357,9130.419,2151.396,6.089402762176318,18.05,17.87197876,0.17802123999999964
25997.184,9086.324,2149.127,5.921989614986847,11.42,13.1761713,-1.7561713
25702.288,9081.778,2203.811,8.796303143934697,24.93,23.50471306,1.4252869399999994
25697.015,9053.736,2229.131,4.964179891985411,17.15,17.61705208,-0.467052080000002
25903.075,9077.806,2183.393,3.000284986464397,21.09,20.45934486,0.6306551399999982
25950.474,9089.857,2204.823,9.276931281409166,16.03,16.05219078,-0.022190779999998966
25950.943,9096.686,2196.088,4.085411729555984,16.31,15.7696743,0.5403256999999986
25951.675,9114.912,2184.243,4.525087623460308,13.33,14.67739582,-1.3473958199999991
25750.905,9015.09,2165.563,2.5107954914734383,19.46,18.57598686,0.8840131400000004
25947.434,9089.238,2287.288,4.243812436948003,18.72,17.74816513,0.9718348699999986
25693.552,9014.469,2198.568,1.590373855419124,7.78,10.7548418,-2.974841799999999
25734.074,9131.042,2236.199,8.191815488644735,20.39,20.10279083,0.28720917000000057
25795.113,9052.625,2233.486,6.868084885904718,18.02,19.06660271,-1.046602710000002
25800.392,9076.105,2185.08,4.030023449063002,19.19,19.58585548,-0.39585547999999804
25552.933,9085.133,2200.038,5.226530589214203,19.65,19.15052986,0.4994701399999997
26001.271,9151.691,2279.131,9.680913335010567,6.26,10.43257332,-4.17257332
25281.007,8915.515,2158.325,8.738129033149988,14.99,15.80451012,-0.8145101199999996
25289.697,9102.624,2231.21,4.923036156682353,19.18,19.03216743,0.1478325699999985
26045.251,9133.429,2224.825,7.884901204200198,17.33,15.87030029,1.4596997099999989
25852.483,8978.2,2121.936,5.977322561147486,19.53,18.51036644,1.0196335600000026
25984.66,9070.099,2265.155,11.368132036530602,14.68,15.46897125,-0.7889712499999995
26044.824,9141.383,2212.114,8.177570605015221,15.61,14.97068501,0.639314989999999
25554.22,9067.968,2218.114,7.147336566861618,18.95,18.82811928,0.12188072000000005
25852.412,8982.016,2110.559,6.644507581454083,16.85,17.38799286,-0.5379928599999992
26001.975,9152.042,2189.137,9.128261499322942,22.6,21.98710251,0.6128974900000017
25200.202,9161.402,2176.464,7.5285924315244035,19.07,17.75272369,1.3172763100000004
25401.05,9149.55,2271.52,7.953954991072227,22.89,23.37147141,-0.48147141000000104
25890.892,9076.693,2293.23,6.870575885615169,16.59,15.26225662,1.3277433799999994
25543.719,8971.913,2289.708,3.986325877296014,13.41,13.30000019,0.1099998099999997
25791.586,9174.844,2312.772,7.573223620097904,20.86,20.8599987,1.300000000981072e-06
25689.195,9091.655,2228.095,4.739839132291022,21.63,20.97975349,0.6502465099999988
25849.427,9104.195,2243.437,7.03628616530026,16.05,17.85736656,-1.8073665599999984
25500.207,9031.586,2070.436,8.29959884572709,25.24,25.24000168,-1.6800000004479898e-06
25035.761,9002.241,2176.559,7.317218255593353,19.65,20.10322762,-0.45322761999999983
25695.685,8996.894,2224.618,4.694399322598108,25.51,24.01371193,1.496288070000002
25903.366,9077.434,2270.611,3.2004113798073086,13.95,15.72378826,-1.77378826
25650.395,9092.158,2256.335,4.220807268758618,13.52,13.84544945,-0.3254494500000007
25634.814,9013.198,2227.212,2.9469889718137474,26.38,25.38414192,0.9958580799999979
25697.579,8995.847,2136.486,5.248032583741788,17.61,17.77155304,-0.16155304000000115
25596.527,9058.001,2061.798,6.721274730289095,21.86,21.45667267,0.40332732999999976
25848.584,9064.138,2291.257,7.202301646000807,9.45,12.61203098,-3.162030980000001
25873.767,9086.681,2293.097,5.979754091934177,12.45,13.97429371,-1.5242937100000002
25799.786,9090.232,2216.679,6.739707782982974,26.31,24.1176815,2.192318499999999
25724.239,9107.75,2273.739,3.481629216330329,18.7,18.02462578,0.6753742199999984
25325.203,9172.051,2229.431,8.103799787752886,8.27,8.33418179,-0.06418179000000102
25526.605,9138.085,2254.042,4.719747238994475,18.95,19.46858025,-0.5185802499999994
25624.589,9048.748,2264.67,10.756873384027402,7.7,11.17370319,-3.4737031899999993
26026.907,9128.956,2142.79,7.940760983683742,16.26,15.66087437,0.5991256300000014
26077.473,9127.239,2134.087,6.4755246119507825,16.63,16.30822563,0.32177437
26185.79,9135.472,2103.527,4.351047345179828,11.81,11.57416344,0.23583656000000097
25048.295,9060.958,2248.341,7.147521948199365,19.29,18.9377079,0.35229209999999966
25047.579,9083.559,2203.466,6.138067937063017,12.12,14.05531693,-1.9353169300000008
25223.558,9071.296,2193.848,6.526567551170459,12.81,14.85342503,-2.04342503
25496.345,9118.763,2228.477,4.055702528539696,17.8,17.85901451,-0.0590145100000008
25228.884,9152.961,2246.871,5.017830009077485,10.23,11.04140949,-0.8114094899999991
25424.299,9087.539,2260.022,4.005422075137615,4.35,9.01896381,-4.668963810000001
25375.337,9152.322,2255.083,4.20620280062683,12.58,14.05284309,-1.4728430899999996
25124.315,9158.718,2257.123,4.154500932723549,13.51,15.1186657,-1.6086656999999995
25120.145,9013.397,2268.579,4.8466354308936666,14.71,15.14713383,-0.4371338299999987
25224.375,8955.94,2250.865,7.394082093133931,16.1,16.38685036,-0.28685035999999897
25204.149,8972.898,2259.634,7.292568888945784,13.49,14.52738667,-1.03738667
25276.531,9135.684,2261.074,5.430496570295554,16.66,16.49930382,0.16069617999999863
25445.842,9042.047,2258.192,7.316285737995052,18.9,18.58644867,0.31355132999999924
25515.645,9092.749,2161.087,7.488964881744593,11.98,13.0581255,-1.0781254999999987
25393.978,8950.309,2098.258,7.5726170509277715,19.58,19.7116127,-0.13161270000000158
26049.183,9181.744,2298.524,6.116584095718053,17.68,17.07726479,0.6027352099999987
26026.141,9101.951,2201.359,6.119245296603338,9.43,10.98413944,-1.5541394400000001
26130.763,9165.053,2183.727,3.4864748672539134,11.95,12.34896851,-0.39896851000000133
26238.135,9167.498,2190.937,9.00367691557073,16.25,15.61787701,0.6321229899999992
26025.93,9080.923,2246.997,6.972075587656448,11.16,12.28953075,-1.1295307500000007
25926.086,9049.965,2300.063,8.469332323153315,10.45,12.38376999,-1.93376999
25631.876,9102.853,2275.426,3.6824531225805126,14.09,14.1232338,-0.03323379999999965
25435.6,9026.41,2269.221,4.043506028189533,20.58,20.14455986,0.4354401399999972
25490.481,9024.056,2202.284,8.546587213619443,18.18,19.98183441,-1.8018344100000014
25682.267,9058.688,2071.863,8.252357360172972,6.6,10.49835587,-3.8983558699999996
25499.791,9053.335,2194.482,4.138747395046962,24.12,22.58610153,1.5338984700000005
25349.458,9106.073,2258.02,2.292486204973904,16.69,16.17718124,0.5128187600000018
25554.22,9088.216,2242.245,4.600660930778823,19.35,19.77722359,-0.427223589999997
25552.933,9067.977,2201.842,6.969431971114806,15.59,18.24846077,-2.6584607700000014
25398.912,8845.722,2064.784,6.844828997133784,27.4,28.42717171,-1.027171710000001
24600.047,8855.769,2170.495,32.60473270861086,20.4,12.15999985,8.240000149999998
24400.209,9068.621,2253.404,7.9194405105421035,16.2,17.41292953,-1.2129295300000003
26122.814,9063.232,2229.845,5.530230103712986,11.2,12.37934589,-1.1793458900000005
26121.392,9098.691,2168.927,7.277875651590084,13.3,13.32376289,-0.02376288999999865
24652.054,9220.505,2258.676,7.1586952023400245,16.8,17.37231064,-0.5723106399999978
24652.297,9226.807,2244.243,5.7770673355965165,23.8,22.08018303,1.7198169700000001
24652.71,9236.947,2220.85,8.423622083166483,22.8,21.27209663,1.5279033700000006
24652.993,9243.989,2204.287,8.209661320664274,18.4,19.04711914,-0.6471191400000009
25157.924,8921.744,2079.27,6.569186555425714,33.2,28.37963104,4.820368960000003
25153.875,9148.667,2183.871,4.149355974123733,13.1,13.58525276,-0.48525275999999984
25154.848,9160.531,2157.976,7.4479286382189445,16.0,16.2022171,-0.2022170999999986
25059.367,9075.285,2151.481,3.306852733341731,18.5,22.47735596,-3.9773559600000006
25304.784,8982.041,2103.275,5.641184450095745,21.6,21.60000038,-3.7999999946691787e-07
24797.125,9251.047,2259.456,6.390834843742772,19.5,18.67218971,0.8278102899999986
24797.011,9255.4,2249.902,8.677483794279754,17.8,18.67966461,-0.879664609999999
24644.534,9147.664,2267.778,5.790624836751566,21.2,20.93374062,0.26625938000000104
25105.435,9049.168,2106.27,4.811377037812755,17.9,18.86940575,-0.96940575
25199.728,8961.385,2095.895,5.436748476800682,25.3,24.47005844,0.8299415600000017
25004.225,9121.553,2216.752,5.739071179206212,18.2,18.84393883,-0.6439388299999997
25004.76,9125.906,2197.752,2.4478439492733797,16.7,17.23864365,-0.5386436500000009
24995.89,9050.885,2173.738,9.976871704096618,21.8,20.9178257,0.8821742999999991
25001.753,9097.223,2171.095,4.292291113146621,13.8,16.97050476,-3.17050476
25001.692,9092.138,2153.828,3.256914490740683,22.2,20.55868721,1.6413127900000006
24930.722,9131.443,2177.629,6.8381411216803665,18.5,19.19375038,-0.6937503800000009
24850.438,9139.319,2180.035,5.383477500649884,19.3,18.73313332,0.5668666800000004
24850.68,9106.492,2157.935,5.922642062458182,17.3,17.90880585,-0.6088058499999995
25123.51,9096.002,2086.322,6.339699361956854,13.6,13.66407681,-0.06407680999999954
25293.498,9030.921,2074.759,7.754181194684116,16.6,16.23671532,0.36328468000000314
25293.147,9036.104,2064.78,6.1891699766615735,17.2,15.45030308,1.7496969199999999
25292.752,9041.974,2053.468,8.506303780138673,14.1,13.85237122,0.24762877999999944
25292.012,9053.309,2031.479,4.925450842307895,13.5,13.35661983,0.14338017000000036
25092.859,8955.965,2169.608,2.3460115089234512,29.1,28.38686562,0.7131343800000032
25174.428,9160.033,2248.297,10.30890304542652,16.7,18.24313736,-1.5431373599999993
25173.522,9173.758,2223.337,7.4254708268237595,15.3,15.17975903,0.12024097000000111
25229.723,9167.683,2220.746,7.599785128542218,12.3,12.22163391,0.07836609000000117
25195.572,9168.833,2226.462,4.414353520052931,15.2,14.80184269,0.39815730999999843
25195.111,9178.631,2207.893,6.333713839446147,12.6,13.8447361,-1.2447361000000008
25275.902,9164.003,2220.48,7.864350767862942,14.4,14.58207703,-0.1820770300000003
25275.503,9175.558,2203.855,7.05091469243565,15.6,15.48792934,0.11207065999999877
25914.227,9089.31,2107.155,5.422882443867129,23.0,21.99760628,1.0023937200000006
25926.376,9115.132,2151.753,6.170802946132469,19.6,19.00361252,0.5963874800000006
25077.431,9084.72,2254.35,3.163172616219493,19.6,19.79957962,-0.19957961999999796
25223.431,9109.654,2127.661,8.053098658280598,12.7,13.06599712,-0.3659971200000012
25230.19,9185.509,2188.614,6.69896835341035,14.9,15.40286255,-0.5028625499999997
25143.887,9121.794,2099.489,9.995915465828332,12.7,13.75662994,-1.0566299400000005
25046.937,9107.47,2155.053,3.59662035805758,20.3,21.11268616,-0.8126861599999984
24949.724,8993.362,2092.022,7.42278276658955,20.2,23.51110077,-3.3111007699999995
24998.343,9142.435,2225.366,5.3304624564850265,22.2,21.75819969,0.44180030999999786
24997.334,9155.017,2186.094,6.293225007896307,21.3,21.29963493,0.00036507000000085554
24996.37,9163.498,2158.903,8.990623615746076,17.7,19.3004303,-1.6004302999999993
25107.954,9106.319,2122.878,1.445254648842277,16.8,16.18235779,0.6176422099999996
25106.755,9114.878,2108.823,1.5232327464960753,13.0,13.57522869,-0.5752286899999994
24600.275,9162.742,2257.275,3.5846637220257054,16.8,16.56841087,0.2315891299999997
24751.144,9148.6,2224.664,5.855051835808382,16.8,16.20456886,0.5954311400000023
25049.912,9024.791,2112.867,5.887793644482082,17.5,18.0705986,-0.5705986000000003
24997.227,9061.638,2066.106,7.218781683913642,15.2,16.34675789,-1.14675789
25008.675,9148.892,2089.231,7.99779031983136,14.8,16.63977814,-1.83977814
24644.047,9168.51,2234.82,8.264121792422943,14.8,16.21149635,-1.4114963500000002
24802.777,9138.208,2209.437,6.4791945487090326,14.2,14.96818829,-0.7681882900000012
25001.224,9071.489,2080.171,4.592334700346464,16.5,16.64534378,-0.14534378000000103
24850.564,9113.42,2137.583,2.5002769846570287,19.8,19.25146866,0.5485313400000003
25049.252,9009.014,2136.591,4.473028168924863,16.6,17.46084785,-0.860847849999999
25050.966,9043.656,2084.001,7.488824540607341,17.5,17.67047119,-0.17047119000000066
25273.767,8896.544,2220.41,7.36595716794506,23.3,25.1240406,-1.8240406
25047.189,9209.802,2179.258,5.802283085131153,12.7,12.58724499,0.11275500999999899
25157.373,8915.437,2092.037,4.914414207206808,18.5,22.22337723,-3.7233772300000005
25087.536,9011.498,2094.268,6.327015410128411,22.3,21.09689903,1.2031009700000013
25046.771,9104.96,2087.953,4.605241578896743,16.8,16.98435211,-0.18435210999999896
25048.286,8958.989,2128.738,7.445976161659034,21.3,21.22155952,0.07844048000000114
24996.965,9025.024,2141.705,6.951174433144212,22.9,21.81699944,1.0830005599999986
24947.488,9184.906,2236.983,7.438163012465498,21.2,20.62648773,0.5735122699999984
24947.151,9202.591,2189.149,8.464294595535545,23.8,23.06531715,0.7346828500000022
24910.028,9154.807,2132.912,5.2151487994120815,19.1,19.37433815,-0.2743381499999984
24909.079,9102.418,2202.363,6.482185896747293,16.9,17.25343323,-0.35343323000000026
24782.66,9193.899,2198.156,5.316778818043843,18.7,19.00683784,-0.30683784000000003
25570.798,8981.244,2163.617,5.664100016772118,16.4,17.87942696,-1.4794269600000014
25581.47,8985.26,2160.52,9.227616160200116,19.8,19.65263367,0.14736633000000054
25598.299,9048.011,2164.725,5.8664424483677395,19.5,19.93158531,-0.4315853099999991
25339.931,9036.016,2059.446,8.098082056882797,27.4,25.17614746,2.2238525399999993
25679.261,9087.897,2160.895,7.424267977383374,12.9,13.77828121,-0.878281209999999
25679.899,9080.64,2138.816,5.147490359389764,12.4,12.92814732,-0.5281473200000004
25045.5,9137.079,2095.247,3.983497207228592,19.4,19.01790619,0.3820938099999971
25049.175,9174.964,2245.646,3.5643003521026024,24.9,23.92398453,0.9760154700000001
25143.291,9132.332,2075.454,6.696269185151532,16.8,15.95504665,0.8449533500000008
23604.571,8700.032,1906.354,8.42813033833765,41.57,41.56999969,3.099999972278056e-07
23703.441,9011.706,2064.365,7.0444405029771655,29.46,28.79816818,0.6618318199999997
23703.831,9031.884,2029.252,7.767916129823934,26.79,25.91469193,0.8753080699999991
23802.141,8626.29,2205.981,69.40634223181661,23.44,22.20000076,1.2399992399999995
23803.784,8877.836,1801.859,6.443014279046428,37.6,37.03915024,0.5608497600000035
23802.574,8925.923,1733.914,1.6902073837258267,33.38,33.85412979,-0.4741297899999992
23900.856,8665.476,2134.819,11.917930734821061,22.25,23.27000046,-1.0200004599999986
23899.764,8711.764,2044.779,8.404833906746385,23.27,22.08641624,1.1835837600000012
23900.829,8787.671,1889.056,9.727158783528797,39.85,36.01231766,3.8376823400000006
23901.286,8978.734,2120.061,7.648873969415457,25.02,23.78772545,1.2322745499999996
23902.364,9027.013,2030.22,5.969008711669708,19.27,17.79468346,1.475316539999998
23796.774,9050.126,2085.112,10.541607847002396,28.16,24.03421593,4.125784070000002
23797.428,8858.923,2157.081,7.880398086391812,22.08,20.61049271,1.4695072899999992
24001.906,8817.198,2237.681,6.889615446452186,36.46,34.20262527,2.257374730000002
24004.624,8898.915,2096.097,8.889151253072782,31.68,26.71114159,4.968858409999999
23999.152,8681.379,2109.7,4.547608712278073,29.1,30.27000046,-1.1700004599999971
23999.104,8713.667,2058.241,4.742234283541832,41.68,38.50941849,3.170581509999998
23999.386,8762.251,1983.378,5.301403682044426,43.35,37.41538239,5.934617610000004
23710.989,8690.11,2218.315,75.07942092211313,8.31,21.80999947,-13.49999947
24095.501,8816.552,2011.738,9.197572995089276,28.33,25.80843925,2.521560749999999
24203.585,8835.374,1996.557,7.126454237557868,16.74,18.3786602,-1.6386602000000003
24204.686,8858.187,1927.486,4.25155983140198,22.09,21.42614365,0.6638563499999997
24207.801,8913.441,1756.207,6.490218101111558,22.39,22.07936859,0.31063140999999916
24203.257,9050.965,1263.665,6.999392759374702,23.58,23.57999992,7.999999951380232e-08
24301.351,8777.834,2144.872,8.786816317642714,23.94,21.84529305,2.0947069500000026
24306.17,9020.232,1488.503,8.875738448153086,36.24,34.63669205,1.6033079500000014
24307.872,9061.478,1371.047,5.9945038994074835,15.59,15.62246895,-0.03246895000000016
23699.381,9215.323,1964.187,6.9540246620215145,31.13,31.12999916,8.399999984476381e-07
24100.247,9155.354,2178.979,4.195088318498623,28.26,28.26000023,-2.2999999771400326e-07
24100.085,9167.337,2159.057,7.36804200585198,24.55,22.47382927,2.076170730000001
24045.4,8599.8,1953.3,7.0064256222414745,59.66,48.6161232,11.0438768
24045.1,8604.3,1942.2,2.7092434368275997,35.66,36.45808792,-0.7980879200000004
24044.9,8606.3,1937.4,5.784461945592188,22.91,36.45808792,-13.548087919999997
24044.7,8608.6,1931.8,6.024118192732064,22.55,23.73302841,-1.1830284099999986
24043.0,8628.2,1883.1,3.293933818400811,29.73,28.92584419,0.804155810000001
24042.7,8631.4,1875.0,8.321658488546793,34.09,34.09000015,-1.4999999820020093e-07
23694.7,9046.7,2027.3,6.145730225123689,21.23,24.83356857,-3.60356857
23694.5,9050.4,2020.8,6.407027391856777,26.3,23.85415459,2.4458454100000004
23693.7,9062.9,1998.6,5.836094584565667,42.74,39.43835831,3.301641690000004
23693.3,9068.1,1989.5,5.590169943750222,26.56,23.44762993,3.112370069999997
23902.3,8697.8,2131.3,8.562709851443131,32.22,28.1198864,4.1001136
23902.6,8715.8,2094.2,5.24785670536196,29.14,23.27000046,5.869999540000002
23902.8,8724.9,2075.3,5.1903757089449805,22.61,21.13073158,1.4792684200000004
23904.2,8768.5,1983.9,6.008327554319466,40.06,33.3405304,6.719469600000004
23905.0,8787.4,1943.9,3.737646318205952,24.84,23.14711952,1.6928804799999995
23996.6,8617.4,2166.2,30.10415253748096,41.04,32.22000122,8.819998779999999
23994.0,8660.9,2085.7,8.677557259966969,17.73,23.27000046,-5.540000459999998
23990.5,8709.9,1989.6,8.79886356298335,54.25,45.134758,9.115242000000002
24228.8,8980.0,2254.9,8.452810183601093,21.76,24.03000069,-2.27000069
24228.8,8994.0,2219.2,9.250945897581953,17.5,17.23594093,0.2640590699999983
24228.8,9001.8,2199.0,7.223572523342968,16.76,16.85778618,-0.09778617999999994
24228.7,9017.2,2159.1,9.318798205777988,24.38,23.48588181,0.8941181900000004
24228.3,9044.7,2086.9,11.049434374663385,22.14,24.50115395,-2.3611539499999985
24228.1,9051.9,2068.0,8.439194274336026,27.05,23.69971085,3.350289150000002
24227.7,9095.2,1952.0,7.571657678474897,25.36,22.48586464,2.8741353600000004
23756.2,8577.3,2054.7,7.669419795525092,22.2,22.20000076,-7.600000024865494e-07
24298.7,8829.7,2063.1,4.887739763940842,26.22,25.24554443,0.9744555699999999
24298.6,8831.8,2057.5,6.037383539249553,31.06,25.40958977,5.6504102299999985
24298.1,8843.1,2028.1,4.830113870293088,28.63,25.97399139,2.6560086100000007
24297.1,8861.8,1979.0,7.256031973469096,22.94,23.01029205,-0.07029204999999905
24296.2,8878.9,1934.2,7.860661549767671,27.1,25.47858429,1.6214157100000008
24293.7,8933.1,1787.9,6.261788881780689,29.7,26.41509056,3.28490944
24292.5,8952.0,1735.7,33.27521600230414,32.33,27.01181221,5.31818779
24288.4,9014.9,1557.6,7.799358948017222,28.18,28.6336937,-0.45369369999999876
24287.4,9025.1,1527.8,7.218725649310539,28.15,29.21648216,-1.0664821600000032
24286.8,9032.9,1505.1,5.353503525729268,32.53,27.81679344,4.71320656
24286.7,9034.7,1499.9,8.514105942493728,23.07,27.64554787,-4.575547870000001
24101.0,9125.0,2190.0,7.648529270389178,28.08,17.11397743,10.96602257
24101.1,9129.7,2182.3,4.908156476724315,15.96,17.11397743,-1.1539774299999976
24101.3,9134.3,2174.6,7.234638899074471,29.26,28.26000023,0.9999997700000023
24101.5,9139.0,2166.9,4.166533331199918,22.54,28.26000023,-5.72000023
24101.9,9149.0,2150.1,4.7031904065217995,22.69,21.60158348,1.0884165200000027
24102.5,9162.8,2126.9,4.919349550499944,18.9,20.22358704,-1.3235870400000032
24256.7,8603.4,1901.5,6.016643582597134,35.9,35.90000153,-1.5299999986950752e-06
24256.9,8610.8,1885.1,6.615134163417885,30.74,30.73999977,2.2999999771400326e-07
24003.3,8859.3,2193.0,8.507643622060417,48.49,41.82702255,6.66297745
24003.4,8862.3,2187.8,8.37794724261397,60.87,41.54209518,19.32790482
24005.4,8935.5,2057.7,8.5848704125328,42.08,37.34954071,4.730459289999999
23997.4,8604.1,2190.5,43.12563043017541,30.59,32.22000122,-1.6300012200000005
24099.732,9191.191,2119.144,5.782131181493223,30.19,24.63570404,5.554295960000001
24374.246,8909.158,2185.868,5.628579216817699,33.92,31.23677444,2.6832255600000003
24442.823,9259.781,2092.54,6.688339853805667,25.62,23.31415558,2.3058444199999997
24442.385,9266.329,2076.587,5.363118029655478,22.05,22.14183617,-0.09183617000000055
24442.184,9269.506,2068.977,9.51395927046049,17.5,19.12467575,-1.6246757500000015
24424.422,8888.311,2225.942,7.829697886890618,14.46,15.21768761,-0.7576876099999996
24423.706,8998.729,2231.681,8.3606601413988,22.4,23.41561127,-1.0156112700000008
24472.211,8940.85,2195.929,6.903916424755139,18.25,21.58569717,-3.3356971699999995
24472.097,8942.918,2187.17,7.438819328360187,24.37,23.83288574,0.5371142600000027
24445.367,9327.138,2096.878,5.31861043882816,21.13,20.36983871,0.7601612899999992
24518.519,8921.769,2177.349,7.267772905092384,30.25,29.33347321,0.9165267899999989
24469.315,9260.028,2058.861,9.187346189187636,22.31,20.71004677,1.599953229999997
24519.015,9232.205,2137.733,4.473425868392651,25.39,24.59882164,0.79117836
24374.982,8885.859,2240.34,3.4005595127860766,15.6,15.88658047,-0.28658047000000053
24547.623,9018.254,2227.698,5.866246585339661,20.64,23.78119659,-3.14119659
24547.183,9022.215,2216.38,7.147105288156209,34.66,28.08277321,6.577226789999997
24568.738,9115.421,2264.271,6.896109482890023,18.07,27.39815903,-9.328159029999998
24568.462,9118.557,2255.043,4.428830771208523,33.4,27.39815903,6.00184097
24929.613,9132.093,2223.49,5.384748647801715,17.76,18.26768112,-0.5076811199999973
24929.317,9138.451,2201.909,5.886439586030892,23.48,20.05463219,3.425367810000001
24749.091,9209.45,2221.501,7.63686990854271,26.81,20.18986511,6.620134889999999
24723.216,8989.822,2248.831,9.798260100650868,20.45,22.03733063,-1.5873306300000003
24751.228,9062.737,2079.003,4.612825815050676,27.37,27.37000084,-8.399999984476381e-07
24990.158,9235.127,2219.509,7.497144389699145,18.17,20.11516762,-1.9451676199999994
24990.142,9230.26,2211.061,5.61413261332475,20.05,20.11516762,-0.06516762000000043
24990.077,9225.065,2201.936,5.130618871053202,30.04,30.31987381,-0.27987381000000155
24989.992,9216.594,2186.91,5.3102730626576875,36.75,26.97541809,9.774581909999998
24989.933,9210.758,2176.424,7.799476200361552,16.63,26.97541809,-10.345418090000003
24989.705,9200.992,2158.687,7.694482308771977,13.04,16.29730797,-3.2573079699999994
24989.577,9196.658,2150.8,3.1548205971183627,15.83,15.55175018,0.2782498199999992
24989.392,9190.897,2140.275,5.302348347665675,14.7,19.56999397,-4.8699939699999995
24989.233,9184.795,2129.081,6.808441451610074,28.51,26.43708611,2.0729138900000024
25057.59,9201.51,2201.344,7.145945423804847,11.15,11.10295868,0.04704131999999994
25057.391,9202.542,2187.885,7.819326697357571,10.08,12.0848217,-2.004821700000001
25057.043,9203.915,2169.189,5.8145330852942445,15.26,17.01874924,-1.7587492399999984
25056.825,9204.785,2157.222,7.385738554809111,14.33,15.77153587,-1.4415358699999992
25036.365,9110.487,2174.384,9.093670875945536,21.92,24.08895493,-2.168954929999998
25036.466,9112.788,2166.462,4.658276934661649,33.87,24.08895493,9.781045069999998
25036.578,9115.378,2157.844,6.732852590099677,19.2,21.50330544,-2.303305439999999
25036.844,9120.906,2139.93,6.4448484854184525,19.56,19.54466248,0.015337519999999216
25037.307,9131.156,2104.643,6.785722806009685,18.42,18.07548714,0.3445128600000018
25037.759,9144.176,2059.226,6.249410612208254,13.44,14.53675175,-1.096751750000001
25037.978,9150.972,2033.872,6.936544672961672,12.45,12.64899921,-0.1989992100000002
25038.018,9153.87,2023.002,7.873831849868143,11.4,11.91825485,-0.5182548499999999
25011.71,8950.938,2079.291,7.296000616776967,14.28,16.48161507,-2.201615070000001
25011.503,8962.303,2047.515,6.575564082266501,15.92,17.03279686,-1.1127968600000013
25011.403,8966.049,2036.908,7.596332931093802,17.77,17.73348618,0.0365138199999997
24971.79,8963.495,2071.467,6.258291619922738,38.47,25.43397522,13.036024779999998
24971.556,8965.39,2064.993,2.6941204501651934,19.15,27.66848183,-8.518481830000002
24970.465,8973.5,2036.131,4.424407982996146,27.53,26.23547935,1.2945206500000026
24927.988,9166.448,2103.057,4.698414306976766,20.56,19.57447624,0.9855237599999995
24927.918,9168.849,2094.384,4.305691698206286,14.12,17.67981529,-3.5598152900000013
24927.786,9173.273,2078.488,2.0100917889495395,27.37,23.93320084,3.4367991599999996
24926.698,9195.235,1998.195,4.385368171545043,13.49,13.43395138,0.056048620000000327
24926.587,9197.771,1988.782,3.186774858694007,12.6,12.9116888,-0.31168880000000065
24399.556,9226.572,2237.67,5.870878980186592,17.54,17.60672951,-0.06672951000000182
24371.62,9315.076,2258.953,1.7004073041485042,26.53,24.30999184,2.2200081600000026
24370.575,9326.972,2228.19,2.8408641290980983,16.41,17.9470768,-1.5370768000000012
24447.851,9278.459,2246.632,5.400120924572408,19.91,19.52737808,0.38262192000000184
24472.618,9098.47,2243.61,6.091545288349226,12.14,13.8660078,-1.7260077999999996
24563.791,9164.123,2123.283,3.890873809312321,25.99,24.9962883,0.9937116999999986
24549.86,9286.023,2221.289,6.825880895532289,16.4,17.10271454,-0.7027145400000023
24549.938,9297.427,2108.619,3.702206639290622,22.12,22.06131554,0.05868446000000205
24573.863,8907.772,2194.841,7.432498503196649,23.72,24.74045753,-1.0204575300000016
24573.63,8918.974,2161.419,10.529393952170853,25.6,14.46000004,11.13999996
24623.766,9275.303,2251.117,7.401165718993214,22.76,22.11984634,0.6401536600000028
24599.155,9275.112,2155.154,3.1297420021458544,19.19,19.69458771,-0.5045877099999991
24623.821,9164.305,2270.72,4.145656280976627,16.6,16.3524456,0.24755440000000206
24561.603,9183.777,2065.053,6.541264938833256,31.95,28.80388832,3.1461116800000006
24548.468,9215.934,2143.055,6.9272942048097494,25.24,22.9256382,2.314361799999997
24548.338,9218.249,2132.814,7.059521301051669,21.11,22.9256382,-1.8156382000000022
24598.564,9219.168,2253.533,5.851615930663492,12.67,15.07221603,-2.40221603
24673.987,9043.027,2256.422,2.695548552707355,15.03,15.02999973,2.6999999924726126e-07
24672.134,9165.887,2218.905,6.476476665595653,15.63,16.62844849,-0.9984484899999995
24725.725,9163.742,2124.238,7.1066048855989346,22.04,21.86266136,0.17733863999999855
24963.91,8992.362,2115.183,10.078969838232606,15.36,19.0459919,-3.685991900000001
24963.889,8994.915,2105.773,6.618842421450244,14.33,16.93432808,-2.60432808
24963.871,8998.625,2092.015,7.346120813054312,11.21,15.91377354,-4.7037735399999985
24963.848,9000.948,2083.32,9.517783775649763,39.6,31.86194611,7.73805389
24963.384,9018.262,2016.53,6.797278867310278,34.18,30.55594254,3.6240574599999995
24990.355,8977.615,2109.835,4.521224944635749,24.2,21.47451973,2.7254802699999985
24990.194,8980.303,2102.835,7.147144184917363,20.81,21.02737045,-0.21737045000000066
25027.862,8977.381,2148.65,6.480949390327568,31.65,26.1836586,5.4663413999999975
25027.805,8979.462,2142.229,8.01972006992709,16.88,24.7150631,-7.835063099999999
25027.459,8994.56,2095.089,5.684030436231935,39.17,22.29791069,16.872089310000003
25027.401,8996.819,2087.938,7.079576682258647,15.73,22.29791069,-6.567910689999998
25027.319,8999.745,2078.638,7.117080159729308,18.75,20.4782505,-1.7282505000000015
25345.332,8862.692,2109.206,3.596876978715153,34.33,34.04048538,0.2895146199999985
24722.623,8995.628,2225.551,5.51707476838921,21.23,21.13164139,0.09835861000000179
24672.1,9258.725,2250.794,7.68154027523163,18.49,17.94899559,0.5410044099999993
24671.944,9259.663,2243.354,4.773051539634218,15.16,17.09831047,-1.9383104700000011
24671.739,9261.099,2232.955,6.749366414708557,13.83,16.6547451,-2.8247450999999995
24929.203,9140.553,2194.71,5.5190685808391065,15.23,19.14448166,-3.91448166
24929.076,9142.842,2186.785,5.049947029425091,19.83,19.41160583,0.4183941699999991
25057.208,9203.259,2178.163,7.060163879118771,9.17,12.0848217,-2.914821700000001
24929.888,9121.531,2259.47,4.649452118259584,15.64,16.80504036,-1.165040359999999
25036.173,9103.824,2195.874,4.18542482909335,18.76,15.25824356,3.501756440000001
25036.209,9106.034,2188.707,7.304292299736491,17.86,25.18434143,-7.3243414300000005
24988.989,9176.297,2113.215,6.046532477379665,15.55,26.07840157,-10.52840157
24988.889,9173.13,2107.256,2.3421692936252234,42.97,26.07840157,16.89159843
24988.761,9168.907,2099.308,7.950071320434205,24.7,22.05401421,2.645985790000001
24988.568,9163.312,2088.695,4.297440284634285,16.5,22.05401421,-5.554014209999998
24988.294,9157.046,2076.74,2.322531377614551,20.25,19.82833672,0.42166328000000064
25037.852,9146.339,2051.265,6.679225254472833,15.16,14.32472229,0.8352777099999997
24987.617,9013.658,2015.263,2.6112874219437163,12.13,15.45190239,-3.32190239
24499.145,8905.949,2254.946,8.788034023602442,12.85,15.07766438,-2.22766438
24927.604,9178.667,2058.97,5.091031820760634,13.55,15.50874996,-1.9587499599999987
24920.365,9045.138,1986.219,7.2503951616430715,16.39,18.2797718,-1.8897717999999983
24748.101,9241.984,2079.689,3.7748083395048764,20.09,18.42922592,1.6607740799999995
24748.046,9243.627,2072.371,5.337591779070054,17.41,18.42922592,-1.0192259200000002
24747.997,9245.104,2065.785,3.3240111311483753,25.95,20.83115005,5.118849949999998
24747.937,9246.908,2057.735,5.1513743797163665,14.95,20.83115005,-5.881150050000002
25011.096,8978.23,2003.831,7.294907607364154,17.8,17.83292961,-0.032929610000000054
25011.025,8987.316,1978.406,9.064784443106403,17.11,17.10403061,0.0059693900000006295
24599.172,9273.229,2164.72,3.696001217532119,18.94,19.34126282,-0.40126281999999946
24498.078,9222.657,2152.987,6.069670666520429,24.0,23.69885445,0.3011455500000011
24924.547,9011.445,2106.778,4.677554703048408,36.51,31.9051342,4.604865799999999
24924.314,9013.52,2099.575,7.899153182462395,34.89,30.93485451,3.9551454899999996
24923.973,9016.409,2089.486,4.84862929083955,15.92,30.93485451,-15.014854510000001
24923.517,9020.099,2076.508,6.392820504284489,20.97,20.18789864,0.7821013599999986
24548.164,9223.311,2110.123,5.341698793454707,16.08,16.05993843,0.020061569999999307
24601.006,9155.822,2080.496,4.68441415760918,22.07,22.7038517,-0.633851700000001
24599.253,9291.44,2071.231,7.419364528043876,16.31,20.76740837,-4.45740837
24599.206,9293.439,2060.923,2.798943729336836,22.06,20.1191597,1.9408402999999979
24747.609,9257.058,2012.358,5.539621737989367,20.82,20.82242966,-0.0024296600000006663
24751.028,9088.028,2027.169,7.073551371128182,15.63,15.47682381,0.15317618999999993
24689.794,9246.084,2083.892,6.877147373730414,20.54,20.7946701,-0.254670100000002
24657.817,9279.564,2084.13,8.055276841921925,15.84,18.20563889,-2.3656388899999996
24599.09,9296.299,2046.199,2.4306587584444244,17.82,19.04771614,-1.2277161399999983
24599.75,9118.757,2221.184,7.6856623006735445,25.73,21.97108078,3.7589192199999992
24600.14,9253.243,2259.374,3.6835478821368377,20.72,19.14469337,1.57530663
24692.097,9292.137,2127.878,7.6323038461536985,12.71,13.18561649,-0.4756164899999984
24648.102,9100.829,2247.03,8.324694889303293,10.11,12.56548786,-2.45548786
24749.214,9205.874,2236.839,5.979012711142208,10.99,14.32525253,-3.33525253
24926.522,9199.97,1980.571,8.583031224456372,12.61,12.9116888,-0.30168880000000087
25037.614,9140.425,2072.194,8.673941261042835,14.24,16.17916298,-1.9391629800000008
24991.506,9081.76,2139.485,5.5214002752932965,18.18,18.97364426,-0.7936442600000007
24951.659,9172.603,2174.974,9.783842087851301,20.38,20.6649437,-0.28494369999999947
24991.281,9087.496,2126.442,6.005442614827714,20.45,19.16003799,1.28996201
24989.05,9042.79,2050.17,3.7967749472406545,19.78,19.39053535,0.38946465000000074
25037.138,9126.59,2120.497,5.296333920741017,19.08,19.89532471,-0.8153247100000023
24967.85,8988.254,1983.475,6.957847440122525,17.83,15.82882977,2.001170229999998
24967.412,8990.141,1976.23,7.963072585378155,12.94,15.81328583,-2.8732858300000004
24992.03,9069.038,2168.297,6.120584367525151,16.69,18.72921944,-2.03921944
24717.681,9033.123,2069.572,7.31908969749677,15.22,14.29989529,0.9201047100000004
24671.195,9276.948,2108.718,2.64220608583086,20.77,20.50013924,0.26986076000000025
24670.67,9282.756,2063.343,3.0158058624534854,18.59,18.96158791,-0.3715879099999988
24623.91,9205.895,2071.022,7.4601346502595165,25.57,24.75885963,0.8111403700000004
24623.943,9196.447,2119.61,4.806054306809752,20.78,21.25469589,-0.47469588999999957
24623.775,9294.679,2082.74,6.4371007448995865,30.63,26.11375999,4.516240010000001
24689.553,9270.947,2023.566,7.578784467181987,18.04,19.18173027,-1.14173027
24368.851,8746.621,2122.416,3.993732339554876,24.49,23.30679703,1.18320297
24267.605,8922.347,2188.393,6.463503925890473,24.03,23.38701057,0.6429894300000001
24265.97,8987.018,2100.986,6.988949849583853,18.68,19.45328331,-0.7732833100000001
24265.345,8997.787,2086.576,6.892399437060811,14.5,17.50551987,-3.0055198700000005
25953.193,9094.193,2027.487,7.628346282123824,8.83,9.81358719,-0.9835871899999997
25953.035,9080.262,2007.883,9.058783472409134,11.64,11.40286255,0.23713745000000053
25953.129,9088.545,2019.539,6.957742952999172,9.55,10.19985199,-0.6498519900000002
26372.014,9183.671,2227.828,4.716992792022493,18.58,17.52999878,1.0500012199999986
24776.015,9008.065,1961.174,5.009763068250303,16.17,16.70999908,-0.5399990799999976
24467.487,8809.566,2034.566,7.070140097622996,13.15,14.68693829,-1.5369382900000002
25670.313,8997.51,2031.095,7.74125919989931,12.44,13.88489437,-1.44489437
26151.271,9058.616,1985.239,7.549040866228753,20.3,17.23221397,3.0677860300000006
26151.302,9059.541,1977.041,8.925052716930958,16.86,16.88127708,-0.021277080000000836
26151.075,9052.718,2037.406,8.399820533796344,18.93,18.4579792,0.47202079999999924
26151.19,9056.425,2004.615,6.805876137575124,16.66,16.90493202,-0.24493202000000025
26151.367,9061.592,1959.158,7.209515725762438,16.37,16.66550827,-0.29550826999999913
26151.338,9060.733,1966.609,9.533174392614594,22.37,16.88130188,5.488698120000002
25668.083,8993.686,2019.139,5.965132521577887,11.67,14.20172596,-2.5317259599999993
25666.793,8991.426,2012.105,7.765909476681807,15.9,14.20172596,1.6982740400000012
25662.737,8984.447,1990.301,2.8648872578166062,19.25,17.02298164,2.227018359999999
25825.252,9035.308,2055.946,6.935653105512117,11.54,14.26826859,-2.7282685900000008
25825.489,9025.955,2037.987,5.92142845941713,11.41,12.79360485,-1.3836048499999993
25825.62,9007.103,2001.298,3.066237596795179,19.17,15.63209248,3.537907520000001
25825.643,9004.043,1995.281,7.515201860229788,12.65,15.63209248,-2.9820924800000004
26082.369,8980.842,2106.289,4.332741164666452,15.05,17.88381004,-2.8338100399999995
26082.25,9009.832,2014.771,5.555012601246145,11.72,12.61614323,-0.8961432299999998
26082.225,9021.959,1975.345,4.173407600510216,22.53,17.67483521,4.85516479
26082.238,9024.589,1966.737,5.783574500254882,14.01,17.67483521,-3.6648352100000015
26082.288,9030.044,1948.799,8.017747875806574,16.76,18.45117188,-1.6911718799999989
26027.491,9137.169,2112.254,7.226005673954079,7.51,8.87449837,-1.3644983699999997
26027.793,9123.62,2092.448,5.470187656745747,10.19,10.00930882,0.18069118000000017
26027.891,9117.302,2083.139,8.133904720366218,11.67,11.03834915,0.6316508499999998
26219.827,9152.89,2217.06,5.537204077872446,14.75,12.48771858,2.2622814200000008
26219.57,9140.603,2200.032,5.479920893590252,10.02,11.72812939,-1.7081293899999999
26219.719,9144.545,2205.509,7.348813985943854,14.01,14.01000023,-2.299999994903601e-07
26219.514,9137.098,2195.164,3.730240742900604,12.56,12.04839897,0.5116010300000013
26219.606,9133.152,2189.688,7.71477050857641,14.24,12.40781593,1.8321840700000003
26219.558,9129.213,2184.207,4.989847893473417,10.08,12.94910336,-2.8691033600000004
26219.251,9117.471,2167.713,3.0359860012850137,14.61,14.17308712,0.4369128799999995
26219.06,9112.708,2160.98,7.085002752293141,12.86,14.17308712,-1.3130871200000005
24527.729,8738.68,2141.32,7.448304572182631,21.15,21.8820076,-0.7320076000000029
24349.409,8808.355,2228.053,7.700397067683725,14.97,15.07747078,-0.10747077999999988
24349.295,8819.578,2199.424,8.41616807103873,12.74,13.35025787,-0.6102578699999999
24349.182,8825.554,2184.045,6.880629695021354,11.05,12.96706486,-1.91706486
24527.952,8743.038,2120.778,6.044752434964667,14.06,13.97395134,0.08604866000000122
24399.37,8754.888,2251.861,6.450408126623275,14.02,12.84080601,1.17919399
24399.384,8758.15,2245.107,5.140856446158441,12.09,13.27031422,-1.1803142199999996
24470.456,8756.499,2122.499,7.2017315973329055,25.33,23.74952126,1.5804787399999967
26150.457,9042.106,2129.796,10.545648439049144,8.78,11.80389881,-3.0238988100000004
24399.098,8810.847,2134.801,6.008794721072634,12.16,12.30658722,-0.14658722000000068
24398.71,8828.957,2096.079,6.544554224697855,22.17,19.90565109,2.2643489100000025
24398.57,8834.62,2083.825,7.456200439902308,16.97,18.12194061,-1.1519406100000005
24397.757,8854.6,2041.016,8.043525657321245,15.2,16.34137344,-1.1413734400000024
26200.272,9120.671,2180.037,5.4562435796062845,10.19,11.76801682,-1.5780168200000002
26200.208,9123.513,2174.753,7.750512370160161,15.13,10.68053341,4.44946659
26200.151,9126.709,2168.807,3.1853933822989884,7.92,10.68053341,-2.7605334100000007
26199.942,9134.083,2154.892,3.620209524323529,11.16,12.63648319,-1.4764831899999997
26199.631,9143.913,2136.338,3.280697182001339,11.76,11.74466228,0.015337719999999777
26199.54,9146.723,2131.037,7.314417133305782,9.31,11.74466228,-2.4346622799999995
26199.355,9152.688,2119.77,4.76332541403612,9.1,9.92582607,-0.8258260699999997
25800.899,9085.744,2001.315,3.675726050729198,15.69,15.43937016,0.2506298400000002
25800.966,9062.417,1969.132,5.479823811036701,11.62,13.05504704,-1.4350470400000006
25800.959,9057.59,1962.442,6.564765418504561,12.83,12.75440407,0.07559593000000042
25800.985,9051.026,1953.305,6.748031268451918,12.77,12.75440407,0.015595929999999925
25801.118,9040.992,1939.275,6.289245821240221,12.93,12.86191559,0.0680844099999991
25801.119,9035.344,1931.328,5.279117445178727,18.16,17.33437729,0.8256227100000011
25801.095,9031.002,1925.212,5.843198867059478,16.51,17.33437729,-0.8243772899999975
24200.86,8858.895,2251.95,9.490159376954514,20.85,20.22877693,0.6212230700000028
24200.912,8860.841,2245.487,8.343931567312506,18.11,19.5234375,-1.4134375000000006
24201.6,8881.875,2175.848,9.42468720966472,21.54,19.51299286,2.0270071399999985
24250.801,8839.121,2236.701,7.314208296185911,17.17,18.26499939,-1.0949993899999981
24251.034,8858.179,2197.599,3.5021419160281915,20.02,20.41467476,-0.3946747600000009
24252.135,8902.909,2107.611,2.1255180544993264,16.21,16.99866295,-0.7886629499999991
24299.085,8936.753,2263.215,6.184372158918078,24.23,22.00402832,2.2259716800000007
24298.274,8957.863,2196.741,3.0613601552248597,20.59,20.44717979,0.14282021
24627.445,8930.563,2054.387,8.192726225134189,13.68,13.33828926,0.3417107399999999
24627.843,8924.209,2031.246,1.5217903929250927,14.94,14.33584976,0.6041502399999992
24355.446,9152.766,2230.672,4.389903871385137,19.37,17.09138489,2.2786151100000005
24355.58,9155.745,2224.617,3.543037397487274,15.19,17.09138489,-1.901384890000001
24356.306,9180.714,2174.219,8.058560231207558,24.99,23.61523628,1.3747637199999971
24356.766,9197.462,2140.671,4.081107815287061,15.33,16.17912865,-0.849128649999999
24174.927,8807.414,2217.905,6.454591389081655,27.23,26.14954185,1.080458150000002
26002.033,8958.077,2029.32,7.033378846614353,13.68,14.34225464,-0.6622546400000004
26002.092,8960.428,2023.8,9.4783779202981,14.71,14.35686111,0.3531388900000003
26002.106,8963.652,2016.206,5.708482810695206,14.27,14.35686111,-0.08686111000000096
26002.844,8992.698,1947.064,6.914306617441137,14.91,15.5363245,-0.6263244999999991
26002.921,8996.123,1938.742,6.029173575210246,14.15,15.5363245,-1.3863244999999988
26002.977,8997.83,1934.578,8.863662504857047,19.72,16.58644867,3.1335513299999995
26001.84,8942.652,2065.139,6.671808225661076,13.29,16.1468277,-2.8568277
26002.644,8984.644,1966.457,7.760497471167443,11.93,12.57854939,-0.6485493899999994
26002.803,8990.693,1951.916,8.473081729808097,13.43,13.63950634,-0.2095063400000008
24222.969,9103.688,2214.163,2.1695331295006004,16.7,16.88105011,-0.18105011000000104
24444.829,8838.705,2030.691,4.91261101655638,21.79,21.92768097,-0.13768097000000168
24449.131,8757.821,2211.362,3.451557039946365,13.1,13.83430004,-0.7343000400000008
24447.944,8782.826,2155.188,3.4855065628978474,25.94,23.2301445,2.7098554999999998
24447.726,8786.526,2146.987,5.724763837923628,22.35,23.2301445,-0.8801445000000001
24447.333,8792.371,2133.997,4.382982888399841,19.33,18.25496483,1.0750351699999996
24445.702,8822.176,2067.654,6.145851934435033,25.07,24.1509037,0.9190962999999996
24445.511,8825.859,2059.444,3.7460830209708984,25.03,24.1509037,0.8790963000000005
24427.306,8822.704,2028.489,6.952508396254971,23.01,22.76969719,0.24030281000000286
24427.396,8825.491,2019.932,5.675078942181644,22.85,22.03431511,0.81568489
25925.505,8964.817,2046.141,7.128141062015108,13.96,14.70007515,-0.7400751499999991
25925.161,8987.92,2021.542,8.872715762380698,21.83,20.2919426,1.5380573999999996
25924.554,9022.445,1985.037,7.896411210163928,17.51,16.69201851,0.8179814900000011
25924.428,9027.628,1979.617,10.274008808639453,15.63,15.34831142,0.28168858000000085
25924.226,9033.841,1973.109,6.85224328231144,16.45,14.3899231,2.0600768999999985
25923.95,9039.528,1967.139,9.531296081856484,12.14,14.3899231,-2.2499231
25923.622,9047.278,1958.991,6.700093208306404,9.94,11.97629929,-2.0362992900000005
25923.502,9053.483,1952.474,7.974081075585138,13.7,11.79473591,1.9052640899999993
25923.456,9058.647,1947.035,8.327110543278911,11.55,12.15900707,-0.6090070699999988
24425.382,8757.574,2228.123,7.594704010031099,12.15,13.17656612,-1.02656612
24425.475,8760.629,2218.864,10.438235578871256,17.14,15.26484489,1.8751551099999997
24426.629,8804.128,2085.536,9.150208795431313,17.75,19.8337574,-2.0837573999999996
24427.158,8818.528,2041.326,8.89393186391752,22.21,22.56860542,-0.35860541999999995
24676.31,9047.407,1915.064,5.184963355705297,22.15,11.75200367,10.397996329999998
24676.315,9051.023,1908.493,6.8137216702765775,17.51,13.00328255,4.506717450000002
24676.056,9067.671,1878.277,6.13295247005915,17.9,15.45214844,2.4478515599999984
24628.057,8920.06,2016.055,5.177052636395117,15.49,14.81930256,0.6706974399999996
23925.581,8779.563,2200.132,6.1025366856734955,21.81,23.72037315,-1.9103731500000016
23925.162,8797.831,2157.374,6.233512733603755,19.43,17.78986549,1.6401345099999993
23924.184,8815.164,2118.308,4.520576954328286,13.74,16.07798958,-2.3379895800000003
23901.01,8920.069,2191.71,9.997947839433111,23.21,17.9391346,5.270865400000002
23901.075,8923.008,2185.634,7.420959843577615,15.12,17.96351242,-2.8435124200000015
24527.272,8731.821,2173.596,8.368945035069155,27.03,26.5164814,0.5135186000000012
24074.246,9008.518,2105.212,4.545303510217707,19.21,19.00666809,0.20333190999999928
24357.531,9219.154,2097.86,6.781318234680117,18.98,18.75388527,0.22611472999999904
24349.629,8869.958,2066.131,9.412149913809062,14.89,16.64168549,-1.7516854899999998
24313.092,8667.035,2076.635,2.2890858437375576,27.58,26.21619415,1.3638058499999985
26200.538,9037.145,2099.925,7.973775391870701,24.84,24.07557297,0.7644270300000002
26028.135,9102.987,2062.038,6.001569628021097,16.93,12.36085606,4.56914394
26082.263,9005.364,2029.09,3.437552181422228,15.98,21.29662704,-5.31662704
26082.279,9032.859,1939.464,3.7215612315262714,20.66,18.45117188,2.2088281199999997
26082.284,9035.226,1931.561,4.07301522216647,15.94,16.30896568,-0.3689656800000005
26001.97,8955.128,2036.216,6.6637782075926335,14.82,14.34225464,0.4777453600000001
26001.992,8956.311,2033.459,5.7425139094317625,12.03,14.34225464,-2.312254640000001
26028.052,9108.044,2069.483,9.426183161810409,8.35,12.36085606,-4.01085606
23997.936,8959.98,2180.261,5.477555750514742,23.04,22.11025238,0.9297476200000006
25651.467,8965.303,1930.548,5.011906024658117,19.28,19.28000069,-6.900000002474371e-07
26219.78,9149.375,2212.197,4.942755709115576,22.38,14.01000023,8.36999977
26219.433,9120.927,2172.615,6.8182873949404526,18.04,13.71376133,4.326238669999999
26218.06,9073.354,2105.232,2.8577508638794438,14.11,20.60525322,-6.495253220000002
26200.116,9078.095,2197.422,3.9075011196399343,15.03,14.94430733,0.08569267000000025
26200.23,9069.376,2176.681,7.62646949774293,17.5,16.02215004,1.4778499600000004
26200.327,9062.98,2161.471,6.719462032037742,23.86,22.58002663,1.2799733700000004
26082.385,8977.582,2116.27,6.744838693401223,22.61,21.48222351,1.1277764899999987
24775.918,9011.49,1951.248,7.342365286472489,17.67,17.34419441,0.32580559000000164
26026.939,9153.816,2136.298,4.748829434711824,14.88,15.32563972,-0.4456397199999991
24201.427,8877.757,2189.489,9.660667627032936,18.07,19.3133049,-1.2433048999999983
26199.911,9136.188,2150.915,3.2598297501556823,13.25,12.63648319,0.6135168100000001
26199.808,9138.644,2146.276,7.698296954521749,10.01,12.63648319,-2.62648319
26199.681,9142.156,2139.65,4.545062925856222,12.89,11.74466228,1.1453377200000006
26199.436,9149.529,2125.735,6.3533583245395215,13.53,10.42229843,3.1077015699999997
24349.463,8852.399,2113.214,9.375412844243108,17.99,12.15999985,5.830000149999998
24319.965,8933.049,2060.843,7.891658570921528,20.97,19.53836632,1.4316336799999974
24356.682,9190.092,2155.433,5.775818297002892,20.25,18.13742447,2.112575530000001
24321.388,8912.167,2124.226,6.95424395603257,17.61,18.55499268,-0.9449926800000021
26082.345,8999.07,2049.125,4.385151080635338,23.01,22.49358749,0.5164125100000021
26027.976,9112.676,2076.309,6.066797590161407,11.14,11.03834915,0.1016508500000004
25825.168,9038.108,2061.252,4.081101812010364,14.21,14.26826859,-0.058268589999999065
25825.339,9032.537,2050.625,4.52790404050251,13.66,12.9386692,0.7213308000000005
25665.766,8989.616,2006.477,6.913084767308883,15.67,14.98729897,0.6827010300000005
25664.471,8987.36,1999.443,4.335860929505032,12.37,14.98729897,-2.6172989700000002
25801.077,9076.056,1987.96,3.7578803866021597,14.92,14.78722191,0.1327780900000004
25800.968,9068.134,1977.03,6.509215006435499,14.35,13.05504704,1.2949529599999998
25925.052,8995.104,2013.885,8.279598118266653,14.64,14.5665369,0.07346310000000145
25924.882,9006.418,2001.877,7.542730076041444,16.44,15.81516552,0.6248344800000005
25924.772,9011.581,1996.438,10.065753275339613,17.65,15.89529419,1.754705809999999
24198.726,8655.017,2239.37,41.2063134119036,21.28,7.96431923,13.31568077
24527.444,8734.473,2161.126,8.083856814664184,29.8,26.5164814,3.2835186000000007
26001.397,8912.954,2132.369,11.782609473287046,11.86,13.96000004,-2.100000040000001
26199.735,9140.399,2142.963,7.658902989332357,14.01,11.74466228,2.2653377199999998
26028.216,9098.779,2055.83,9.562551803781686,12.71,13.34737682,-0.6373768199999983
23874.012,8741.088,2208.138,6.818865888108599,9.79,13.49251938,-3.70251938
23972.391,8988.968,2137.085,6.311824617335487,24.47,25.07332802,-0.6033280200000029
23972.262,8992.765,2129.762,8.967079401900806,28.65,25.69680405,2.953195949999998
24075.798,8765.762,2166.192,3.6288168870850246,16.04,16.56871986,-0.5287198600000025
24074.803,8997.172,2136.993,3.206000935745592,18.42,18.84233856,-0.42233856000000003
24101.833,8836.214,2127.515,5.202779065076691,18.4,17.36271667,1.0372833299999975
24101.627,8841.025,2114.103,7.756440098395852,16.87,15.56775093,1.3022490700000002
24123.929,8641.06,2077.261,7.544054745294811,25.85,26.27590752,-0.4259075199999991
24775.825,9013.939,1944.16,2.5859129915751584,20.99,18.53907776,2.450922239999997
24775.16,9035.75,1880.285,3.3082208209247943,12.49,13.2952528,-0.8052527999999999
24129.376,9159.127,2182.39,5.177219813761255,17.79,22.29538345,-4.50538345
24130.655,9179.264,2139.665,5.1257141941389435,14.65,15.64954472,-0.9995447199999994
24130.856,9183.725,2130.162,7.627227871251957,12.49,15.62248898,-3.1324889799999998
24129.259,9156.556,2187.81,6.412590506184896,17.58,22.29538345,-4.715383450000001
24129.48,9162.016,2176.29,7.522549833667129,30.12,22.95283508,7.167164920000001
24130.014,9170.338,2158.663,8.117697272010485,34.46,24.40506744,10.054932560000001
24130.412,9175.761,2147.131,5.810768107574168,20.0,24.40506744,-4.40506744
24101.442,8847.425,2096.481,4.779994769871631,12.62,14.37733364,-1.7573336400000006
24047.143,8785.346,2021.302,6.0110206288116546,12.42,12.55165577,-0.13165577000000006
24318.93,8793.115,2002.252,6.7051941806337405,14.24,16.56054497,-2.3205449699999985
24031.087,8913.725,2052.756,6.489817408833182,20.39,23.58975601,-3.199756009999998
24319.368,8786.483,2019.785,7.388500389116949,20.27,18.94413567,1.3258643299999981
24247.746,8884.988,2036.514,6.2219656058199915,13.55,14.60399246,-1.05399246
24247.899,8879.561,2048.874,6.62267302529614,14.82,16.17956161,-1.35956161
24047.272,8774.803,2041.178,7.923287007297332,11.04,13.21739483,-2.177394830000001
24047.205,8779.363,2032.561,6.416892939734226,14.42,13.65153313,0.7684668699999992
24114.231,8775.509,1989.418,3.8241555930690274,13.8,19.31910706,-5.51910706
24114.029,8777.709,1983.84,5.725567395465196,32.82,19.31910706,13.50089294
24519.509,9108.006,1893.974,5.514960833950472,19.94,18.41240692,1.5275930800000026
24047.357,8771.303,2047.811,6.1118719718266785,15.29,13.21739483,2.072605169999999
24025.773,8918.981,2037.209,6.403559244669724,28.5,26.57948685,1.9205131500000014
24559.356,9047.871,1867.693,7.435363205653919,36.18,15.68075943,20.499240569999998
24556.85,9050.986,1862.254,7.909185293061607,17.51,15.50121593,2.008784070000001
24624.24,9061.528,1860.012,8.874262110169424,19.81,17.82763863,1.9823613699999996
24117.233,8742.645,2073.149,4.954645799650953,25.01,19.22520256,5.784797440000002
24117.138,8743.736,2070.357,7.263001376841336,18.04,19.22520256,-1.1852025600000005
24174.008,8934.987,2144.122,7.486328672986951,26.47,24.62228012,1.8477198799999996
24173.446,8944.375,2116.425,7.330154568629402,40.76,33.88863754,6.87136246
24438.453,8719.181,2057.206,8.996966488768239,16.24,16.47937965,-0.23937965000000005
24662.656,9007.721,1909.961,6.358828351197064,12.37,12.69150543,-0.3215054300000002
24624.826,9023.477,1930.664,4.41369471078286,24.45,22.86975479,1.5802452099999975
24624.478,9051.551,1878.49,6.091648791584151,14.69,13.74214458,0.9478554199999998
24662.68,9015.873,1896.485,5.3502106500587905,19.9,19.45018387,0.44981612999999854
24662.58,9025.192,1881.086,5.276614444889579,16.91,15.96002865,0.9499713500000002
24248.095,8871.098,2068.092,9.373371485222929,19.27,17.0579567,2.2120433000000013
24247.998,8875.938,2057.112,10.655439549826436,26.26,16.17956161,10.080438390000001
24172.72,8957.948,2076.685,5.674797705644743,23.22,21.09018326,2.129816739999999
24172.572,8960.373,2069.59,9.796040679785108,18.96,19.69347,-0.7334700000000005
24572.199,9031.987,1895.496,5.930833499602694,16.76,16.33572388,0.4242761200000018
24566.607,9038.882,1883.405,4.084898774755251,18.79,18.75914955,0.030850449999999086
24113.324,8785.958,1962.919,6.908132960503706,17.09,17.83524132,-0.7452413200000017
24113.862,8779.911,1978.261,8.398933622787657,34.08,24.17733574,9.902664259999998
24111.722,8803.01,1919.688,9.43465569059001,20.89,18.33369255,2.556307450000002
24046.976,8792.419,2008.075,7.601102683163146,14.79,14.35406208,0.43593791999999887
24046.19,8817.962,1960.505,5.60531613738139,19.2,18.02785873,1.172141270000001
24569.402,9035.434,1889.45,7.21861898149454,18.64,18.75914955,-0.1191495499999995
24044.437,8859.372,1884.014,5.015829841611555,16.35,16.55401611,-0.20401610999999775
24111.481,8805.478,1913.41,6.106139942713575,24.12,18.33369255,5.7863074500000025
24111.111,8809.588,1902.944,9.565887360824773,17.85,16.86084366,0.989156340000001
24109.496,8826.565,1859.684,10.149044142183527,19.46,18.94978905,0.5102109500000012
24109.23,8829.296,1852.705,7.986898083736668,19.0,18.94978905,0.05021095000000031
24108.902,8832.567,1844.326,9.669507174617637,20.75,18.78858185,1.96141815
24168.312,9016.357,1905.692,9.053709571221058,17.49,15.34002686,2.1499731399999984
24515.728,9111.965,1884.145,7.601133731227894,17.37,18.19263458,-0.822634579999999
24513.223,9114.617,1877.592,7.549031858458355,19.02,17.64794922,1.3720507799999986
24511.717,9116.205,1873.66,7.561793041336525,30.15,15.65697289,14.493027109999998
24497.839,8561.307,2198.747,6.61045981759165,23.17,20.62583351,2.544166490000002
24497.695,8564.355,2192.726,7.0848518685994035,18.75,20.62583351,-1.8758335099999996
24497.232,8577.169,2167.275,5.210279263148869,27.4,18.61209106,8.787908939999998
24550.637,8627.913,2142.35,5.956411503582193,29.77,17.94777679,11.82222321
24123.578,9146.751,2068.482,8.70588358525524,29.95,24.17852211,5.77147789
24123.491,9149.672,2062.397,7.598044090423938,25.72,24.17852211,1.5414778899999995
23901.904,8951.397,2126.89,7.973012291474792,24.43,22.46811295,1.9618870500000014
23902.129,8961.127,2106.604,6.682109397487325,22.64,21.06315804,1.5768419599999994
23902.343,8970.856,2086.318,9.054529750351008,20.97,21.18168831,-0.21168830999999955
23902.842,8989.084,2048.483,6.272344776875809,16.28,17.96168709,-1.6816870900000005
23902.881,8991.695,2043.081,7.196231444304129,21.2,18.1145153,3.0854846999999985
23824.705,8840.499,2137.124,9.0090178154988,18.7,16.0167141,2.683285899999998
23825.73,8873.375,2080.773,7.6932472987683695,20.94,23.094841,-2.1548409999999976
23825.9,8880.876,2067.785,9.407369504807258,31.82,25.70575714,6.114242860000001
23923.969,8819.19,2109.431,4.8417788053573085,21.64,17.97881126,3.66118874
23922.26,8840.582,2063.168,4.474656187909633,12.25,14.69790268,-2.4479026800000003
23921.781,8845.687,2052.319,4.92053767387273,19.28,18.28805923,0.9919407699999994
23921.115,8852.094,2038.772,7.049896807755397,26.81,19.92404747,6.885952529999997
24358.185,9253.864,2031.381,1.7354774559188495,23.04,22.68265915,0.35734084999999993
24675.936,9072.375,1869.738,4.868815564386337,15.53,15.4743557,0.05564429999999909
23824.68,8836.671,2143.574,9.551864582373744,17.6,17.02999878,0.5700012200000018
24236.745,8824.275,2024.601,7.1777329986565865,23.05,21.11183929,1.9381607100000018
24316.11,9251.887,2048.904,4.969314339021058,19.36,20.14188766,-0.7818876599999989
24315.604,9257.55,2029.469,5.03232322093802,21.45,20.96740532,0.4825946799999983
24230.231,8860.117,1942.308,8.758933382553012,17.78,19.02039909,-1.2403990900000004
24349.538,8904.556,1977.39,8.581531331878193,15.19,14.84336376,0.3466362399999987
24349.393,8914.723,1952.378,8.592151185820763,23.31,21.12732315,2.18267685
24349.269,8925.125,1927.463,6.770255165058638,13.63,13.78046703,-0.15046702999999972
24442.152,8877.078,1943.555,5.833713482852678,14.51,16.11752892,-1.6075289200000018
24441.928,8880.378,1935.997,9.73134507660656,20.01,16.31836319,3.691636810000002
24441.573,8885.185,1925.008,6.432232738326236,15.84,16.58645248,-0.7464524799999985
24074.045,8843.73,2027.635,5.260052281108601,14.26,17.17894173,-2.9189417299999985
24074.012,8846.318,2023.067,5.917326845797402,17.6,17.55449295,0.045507050000001215
24100.683,8877.449,2017.235,3.060933681084799,21.06,21.00645256,0.053547439999999114
24100.268,8888.9,1988.7,4.651002472585576,21.65,21.08085823,0.5691417699999981
24148.209,8890.531,1975.815,5.6092661730382485,15.61,15.69702053,-0.0870205300000002
24193.776,8734.442,2019.323,2.2940943746946374,15.1,16.21391106,-1.1139110600000013
24193.135,8745.786,1988.341,1.3146490025850555,19.93,19.32871819,0.6012818099999997
23920.401,8858.563,2025.258,8.339504421726343,13.07,19.92404747,-6.854047470000001
24072.778,8879.322,1965.062,8.607021087461192,19.92,16.54937935,3.370620650000003
24072.704,8881.932,1960.507,4.300731216897508,18.44,17.68227386,0.7577261400000026
24072.484,8887.524,1950.748,7.208351822712074,17.48,17.68227386,-0.20227385999999825
24071.818,8900.55,1927.968,4.526217847166384,20.47,18.96991348,1.50008652
24099.523,8913.843,1929.225,3.629986639092725,16.16,16.09535217,0.06464782999999841
24122.804,9173.8,2012.421,7.441011826358172,13.45,16.51501656,-3.06501656
24122.704,9178.382,2002.974,6.224485199597902,22.69,17.11536407,5.574635930000003
24121.847,8668.529,2008.312,8.070290824996064,38.45,31.9188633,6.531136700000001
24120.51,8685.462,1965.833,7.3295588543914985,17.76,20.62304878,-2.8630487799999997
24120.308,8687.948,1959.56,4.5628026474971195,18.19,17.61937141,0.5706285900000019
23970.673,9054.136,2009.533,7.763859478377406,20.02,18.01960564,2.000394359999998
24071.609,9042.363,2009.029,7.097569372679818,13.79,14.90006924,-1.1100692400000014
23903.192,9002.121,2021.466,6.525079386491143,15.5,16.77721977,-1.2772197699999985
24130.129,8920.624,1952.606,6.980132735127461,19.92,18.39513779,1.524862210000002
24130.209,8934.285,1925.898,2.885534612512113,16.88,19.12751007,-2.2475100700000006
24170.392,8859.099,2054.195,10.590018413582008,14.5,16.15182114,-1.6518211399999991
24130.177,8937.74,1919.241,7.63839053727944,24.75,21.23401833,3.5159816699999986
23903.526,9011.236,2002.55,5.473835218563023,17.8,16.84759712,0.9524028800000011
24168.283,8873.481,2010.025,9.57215101218075,15.72,16.56933594,-0.8493359399999978
24165.944,8886.69,1969.435,4.910342248764199,15.09,15.57305241,-0.4830524100000009
24258.816,9078.23,1982.143,8.889443458393945,15.26,16.78727341,-1.5272734100000012
24257.215,9096.501,1959.358,5.285488624526761,15.21,17.3035717,-2.0935716999999983
24256.756,9102.178,1952.39,7.2242176046967215,17.18,16.30904007,0.8709599300000015
24256.239,9107.69,1945.614,5.55996555744848,11.01,12.9636898,-1.9536897999999994
24221.679,8838.963,1981.696,7.075720882001974,14.74,15.70234013,-0.9623401299999994
24221.474,8842.885,1975.307,3.661304412364885,15.56,15.92991257,-0.36991257000000033
24220.955,8856.31,1953.633,4.365411091752182,14.69,15.18859482,-0.498594820000001
24252.39,8960.924,1996.617,7.157902276504852,14.54,15.08487225,-0.544872250000001
24300.761,8734.521,2042.405,6.068161748008252,17.73,17.88471603,-0.15471602999999945
24300.327,8748.858,2009.387,8.384918723518254,16.15,16.17778778,-0.027787780000000595
24365.009,8804.2,2012.1,9.269038839061299,11.99,13.77513218,-1.7851321799999997
24364.744,8807.668,2005.456,8.266298809018455,10.04,12.88353348,-2.8435334800000014
24362.464,8836.935,1949.713,8.96732345797769,17.82,18.2678833,-0.4478833000000009
24395.664,8893.539,1958.242,7.029650133540704,13.97,14.83414936,-0.864149359999999
24395.417,8897.046,1950.778,9.976987972328258,16.23,14.83414936,1.3958506400000008
24317.477,8966.49,1958.97,5.3992155911751665,8.99,11.0577383,-2.0677383000000003
24252.242,9003.374,1921.542,6.181278508529,25.48,19.94334984,5.536650160000001
24296.995,9134.86,2013.845,3.6923772829981316,20.37,19.62647247,0.7435275300000015
24318.582,8952.012,2003.145,6.806973850396237,13.85,14.75224209,-0.9022420899999997
24318.294,8956.229,1990.324,6.561695893594763,15.73,14.92328072,0.8067192800000011
24317.988,8959.972,1978.927,9.805368784498086,15.28,13.65893078,1.621069219999999
24070.966,8916.173,1900.628,3.676067055971652,12.41,14.88396263,-2.473962629999999
24070.815,8918.775,1896.071,4.374001714677524,18.43,14.88396263,3.5460373700000005
24070.609,8921.746,1890.862,7.6306907288922945,17.23,14.75268555,2.4773144499999997
24070.474,8923.597,1887.604,5.6677950739249425,18.02,15.74875164,2.2712483599999995
24348.31,8953.526,1862.128,8.049047148577058,19.01,19.60085678,-0.5908567799999993
23903.9,9023.616,1976.882,5.837583404114249,19.32,18.05122185,1.2687781499999993
24547.319,8501.429,2167.918,6.306308428867447,14.93,16.16196442,-1.2319644200000006
24358.377,9263.755,2012.857,4.886369101899997,12.83,14.1879797,-1.3579796999999996
24122.453,9185.224,1988.79,5.123132342621381,10.5,13.76363945,-3.2636394499999994
23826.561,8915.114,2007.883,8.016321226097563,15.22,16.67343712,-1.4534371199999985
24099.365,8922.179,1909.951,4.927846081199103,12.02,13.04903603,-1.0290360300000003
24099.355,8924.589,1904.456,7.644990647476388,9.63,13.33753204,-3.7075320399999985
24219.151,8907.185,1872.245,6.205243830824509,15.33,14.75682735,0.5731726500000001
24226.568,8878.257,1902.942,7.53472209175573,15.36,15.52575207,-0.16575206999999992
24252.234,9006.772,1915.71,3.676253527710381,14.14,19.9910717,-5.8510716999999985
24548.674,8470.681,2216.781,7.184636246881426,13.52,13.96269035,-0.44269035000000123
24392.789,8939.214,1861.248,9.209713404878894,16.4,16.47921371,-0.07921371000000121
24174.47,9152.833,1958.964,4.0025098375882155,17.15,16.97361565,0.1763843499999993
24216.659,9155.836,1940.159,6.347949117628659,19.28,18.49949265,0.7805073500000006
24222.602,8896.255,1865.202,2.6203497858106246,13.95,14.22500324,-0.2750032400000002
24221.889,8899.503,1858.479,7.509911517455246,12.92,14.42367172,-1.5036717199999998
24277.62,9381.413,2051.869,7.467873191210991,22.96,22.95999908,9.200000015141541e-07
23993.993,8949.715,1945.289,6.504521119960431,16.96,16.6399765,0.32002350000000135
24002.892,8780.821,2071.277,9.233820119538734,8.94,12.15849304,-3.2184930400000002
24001.439,8782.457,2063.323,4.760241485469635,10.64,11.59804726,-0.958047259999999
23994.595,8789.914,2026.436,8.328176090837703,16.5,15.66906548,0.8309345199999996
23988.864,8796.043,1996.075,9.103239533265974,13.81,14.00818729,-0.1981872899999999
24091.429,9000.266,2032.723,6.156096652912805,14.15,14.63816833,-0.4881683299999988
24089.928,9012.104,1994.807,8.226435984070099,18.28,16.98781204,1.2921879599999997
24089.653,9014.337,1987.652,2.2578932658551123,18.98,16.98781204,1.992187959999999
24122.195,9071.058,1986.204,6.265940073124725,14.17,16.78580475,-2.6158047500000006
24089.179,9018.14,1975.492,4.650882174383308,14.09,13.81177425,0.2782257500000007
24088.89,9020.374,1968.338,6.37606618535289,10.68,13.3831358,-2.7031358
24088.436,9023.708,1957.603,1.598739816230726,16.0,13.83135128,2.16864872
24088.188,9025.481,1951.876,5.6863064461913835,13.31,13.83135128,-0.5213512799999993
24122.256,9069.221,1991.916,7.741926956514591,21.8,17.71321106,4.086788940000002
24122.088,9074.273,1976.209,5.944321155523073,15.55,15.32696438,0.223035620000001
24571.334,8438.375,2246.066,6.229489304910182,11.94,11.93999958,4.1999999922381903e-07
24568.164,8490.368,2158.372,7.508442181970599,23.42,18.42308998,4.996910020000001
24567.853,8494.531,2151.256,1.3755384400295587,16.69,18.42308998,-1.733089979999999
24568.569,8485.449,2166.781,1.3643031188117565,19.32,18.88455963,0.435440370000002
24569.378,8473.656,2186.801,4.881784612208879,15.25,16.30571938,-1.0557193799999993
24134.759,9254.922,1977.219,5.232411107700948,16.37,15.78708458,0.5829154200000009
24167.205,8845.744,1912.729,4.768962360935274,12.54,13.44194317,-0.9019431700000009
24088.525,8967.604,1989.915,3.6964396383546525,15.57,15.4791851,0.09081489999999981
23969.413,8817.248,2057.557,5.757284255619314,12.77,13.6281805,-0.8581804999999996
24017.673,8974.29,2066.891,6.822383014752814,21.37,17.18789291,4.182107090000002
24138.756,9096.281,2022.517,8.120885789125348,15.02,18.13535309,-3.1153530899999993
24087.405,8978.692,1962.061,5.8687826676401,12.01,12.43154812,-0.42154812000000064
24016.451,8978.659,2055.782,8.609890010912029,13.4,17.18789291,-3.7878929099999983
24015.943,8980.577,2050.922,6.567134991760213,11.29,13.72268772,-2.4326877200000006
23921.421,8916.527,2099.665,7.404943956574076,7.67,11.72345924,-4.0534592400000005
23875.383,8943.819,2120.34,3.2468523218639986,11.7,12.88109779,-1.1810977900000008
23875.251,8957.02,2087.656,5.709880646738716,12.0,13.48162651,-1.48162651
23919.774,8946.499,2033.397,3.23769763875388,11.22,12.74262428,-1.5226242799999987
24028.886,8770.119,2027.963,6.806579610934601,13.56,13.30645657,0.25354343000000057
24023.728,8686.214,2025.475,8.065507113629465,10.99,14.36747169,-3.37747169
24286.36,9217.543,2043.329,6.2260493091528915,19.29,17.90616798,1.3838320199999998
24072.652,9154.38,2140.141,2.717054471298074,9.0,12.50191402,-3.501914019999999
24072.587,9156.298,2136.07,1.9332027829488623,10.92,12.50191402,-1.5819140199999993
24072.496,9158.217,2132.001,6.3708795311166675,11.06,12.50191402,-1.4419140199999987
23919.209,8954.578,2015.659,3.794475721362189,16.95,16.98035431,-0.030354309999999884
23875.363,8940.445,2128.684,7.972242469970414,10.49,12.88109779,-2.39109779
24610.344,9056.484,1870.814,4.22293594552386,12.58,13.25238132,-0.6723813199999995
24610.204,9060.01,1862.535,7.4042515489406435,13.29,13.15049362,0.1395063799999985
24052.389,8636.434,2019.525,5.681487657295961,13.88,16.91809082,-3.038090819999999
24083.914,8731.587,1976.15,6.150647526886828,18.73,17.20088577,1.5291142300000011
24087.657,8727.382,1990.859,4.12085597904093,15.14,16.22873306,-1.0887330599999991
24076.627,8739.743,1947.411,7.977850525047938,12.55,14.92165947,-2.371659469999999
24073.451,8743.29,1934.778,7.536430521141894,10.13,10.79933357,-0.6693335699999992
24023.68,8688.517,2019.13,5.442296298438454,12.46,13.88836288,-1.42836288
24022.434,8714.082,1948.633,8.007544505027035,13.02,13.10759449,-0.08759449000000075
24022.232,8718.166,1937.351,8.017953666615593,10.69,13.10759449,-2.417594490000001
24022.013,8722.241,1926.066,6.306790467425634,14.63,13.98614883,0.6438511700000014
23934.932,8786.477,1944.028,3.3333072165641666,15.18,15.09958649,0.08041350999999963
23950.1,8915.496,2020.819,4.125745629580901,18.44,18.45832253,-0.01832252999999895
23950.073,8919.536,2011.946,7.570504672741437,20.17,18.45832253,1.7116774700000015
23950.251,8938.494,1970.309,4.697501250665441,18.69,17.89368248,0.7963175200000023
23950.233,8947.112,1951.434,6.811474803594011,15.77,16.86361313,-1.0936131300000014
23935.904,8781.823,1952.54,6.102634267265465,15.23,15.05423737,0.17576263000000125
24072.359,9161.416,2125.219,4.500877470005764,12.6,11.9786644,0.6213356000000001
24072.298,9163.016,2121.828,2.1044343658099662,10.09,11.9786644,-1.8886643999999997
24072.186,9165.9,2115.726,6.840736217688625,9.18,11.9786644,-2.7986644
24072.085,9168.466,2110.304,4.477476633105262,13.85,13.40188789,0.4481121100000003
24071.924,9173.623,2099.469,7.127051704597274,14.05,13.61226463,0.4377353700000004
24071.794,9176.841,2092.696,1.9814471983878017,12.11,13.61226463,-1.5022646300000009
24071.678,9180.068,2085.927,8.258609870916855,15.56,15.40453815,0.15546185
24024.665,8774.455,1998.579,4.869136576436885,14.85,12.82091045,2.02908955
24023.401,8775.724,1989.759,4.735932643100691,11.83,12.97684956,-1.1468495599999997
24026.661,8772.405,2012.539,5.66122486746434,7.4,11.77374172,-4.37374172
24025.824,8773.274,2006.662,4.807316923191198,12.07,12.82091045,-0.7509104499999992
24020.024,8779.214,1965.491,11.080363396566964,12.4,12.47729301,-0.07729301
24017.787,8781.53,1949.308,9.292046760536568,9.57,11.14588165,-1.5758816499999995
24070.657,9215.861,2011.603,6.237994789994889,13.86,13.50106525,0.3589347499999995
24070.532,9220.123,2002.835,5.269760715630927,12.9,13.15787601,-0.2578760100000004
24070.33,9230.665,1981.277,7.888399964503848,9.95,11.85415459,-1.904154590000001
24087.778,9028.363,1942.571,3.3752176226126376,16.25,13.83696651,2.41303349
24268.846,9236.176,1986.575,2.0125399374925124,17.08,17.18835068,-0.10835068000000092
24503.872,8543.622,2175.539,7.969742091184829,14.69,14.12559986,0.56440014
23829.304,9062.647,2038.628,7.300918366890196,10.5,13.33754158,-2.83754158
23829.765,9073.204,2020.481,4.42630794229278,14.09,12.22637272,1.8636272799999993
23829.874,9076.994,2014.01,4.801251086956765,10.89,12.22637272,-1.33637272
23899.347,8973.732,1979.303,9.734990600921147,15.73,16.15211868,-0.4221186800000005
24506.154,8541.258,2187.081,6.066287250040695,12.37,14.12559986,-1.7555998600000002
24607.488,8506.298,2208.563,6.504223012780928,11.82,12.69613934,-0.8761393399999999
24450.593,9305.318,2026.895,6.409664421793425,14.41,12.12946892,2.2805310799999994
24451.022,9293.23,1999.443,4.9882494925582455,11.97,11.71512604,0.2548739600000012
24451.222,9287.816,1987.077,4.686370557266648,10.23,11.14467144,-0.9146714399999993
24451.613,9279.395,1967.844,7.6099362678023255,14.0,13.85826683,0.14173317000000019
24451.766,9272.49,1952.037,7.371785740239436,19.34,17.04203224,2.297967759999999
24450.605,9302.892,2021.408,5.41822415556954,10.71,17.62068367,-6.910683669999997
24450.734,9299.866,2014.547,6.546519762438829,11.64,11.70946407,-0.06946406999999866
23913.908,8831.345,1921.888,9.269090192677952,18.18,17.83018112,0.34981888000000083
23913.803,8832.565,1919.149,9.479780324458714,16.09,17.18911362,-1.0991136200000007
23829.119,9057.372,2047.705,4.135162632836264,22.66,17.69108963,4.96891037
23870.764,9043.083,2053.425,9.173560377520316,14.59,12.28230476,2.3076952399999993
23870.611,9047.573,2042.298,9.007744112706067,8.69,12.28230476,-3.592304760000001
24021.845,8725.293,1917.601,7.621356506553659,12.63,14.76257896,-2.13257896
24071.155,9198.513,2047.364,3.7641320380678667,12.48,12.22972393,0.25027606999999996
24128.952,8811.311,1917.594,7.221209109283204,10.12,12.4879427,-2.3679427000000004
24128.346,8816.785,1904.452,8.292903291368354,15.69,14.20518494,1.484815059999999
24127.12,8828.403,1876.82,8.531542005992433,11.86,12.71411133,-0.8541113300000003
24126.07,8838.937,1851.982,7.557327106854841,14.55,16.06485748,-1.5148574799999999
24125.82,8841.273,1846.461,9.745894007222194,16.58,16.08169174,0.49830825999999817
24132.092,8970.574,1904.999,8.717278302314046,12.93,13.06990623,-0.13990623000000113
24166.407,8855.097,1888.215,6.923531107750806,10.04,13.83120823,-3.7912082300000005
24166.156,8857.495,1881.911,4.465230341202669,16.14,13.83120823,2.308791770000001
24214.686,8947.253,1905.708,10.141295232859724,15.17,17.02877808,-1.8587780799999987
24213.976,8954.556,1890.929,9.236544429600402,13.29,16.63998413,-3.3499841299999993
24319.931,9316.469,2043.573,8.53223599064185,10.07,10.16064835,-0.09064835000000038
24071.264,9195.265,2054.124,6.74353742482378,9.87,12.22972393,-2.3597239300000012
24270.471,8866.477,1884.994,4.150711505273521,13.39,13.49152565,-0.10152564999999925
24219.902,8885.621,1906.517,6.552215961032388,15.44,16.16444016,-0.7244401600000021
24130.146,8941.211,1912.592,4.461647789774768,11.44,12.59222031,-1.1522203100000006
23869.538,8830.285,1919.39,10.919559011242592,14.41,16.40802765,-1.998027650000001
23869.214,8833.455,1909.385,7.560955362915423,16.71,16.40802765,0.3019723499999998
23646.929,8905.095,1975.309,15.412188261243188,15.9,15.22000027,0.6799997300000005
23641.085,8910.914,1954.375,25.636560728771734,15.64,15.22000027,0.4199997300000007
23870.476,9052.065,2031.171,7.727680247009089,8.54,11.68343353,-3.143433530000001
23870.267,9056.009,2021.442,8.299020062634058,10.79,11.30367088,-0.5136708800000012
24087.969,9209.19,2030.146,4.828806995522327,13.98,14.66026878,-0.6802687800000005
23870.151,9060.226,2011.014,10.90261771319033,12.86,11.13651562,1.7234843799999986
24071.012,9203.414,2037.239,5.21417884234917,15.69,15.55603504,0.13396496000000013
24078.087,9219.9,1982.84,8.771554537252333,14.41,12.93128395,1.478716050000001
24317.342,9321.064,2033.641,6.343417139050775,11.09,12.72065926,-1.6306592599999998
24535.207,8518.357,2191.82,6.984962276204843,15.69,15.24458885,0.44541115
23853.79,9031.208,2037.9,9.116104650562535,13.02,14.14415359,-1.1241535900000006
23853.765,9033.523,2034.042,6.618875886432281,17.05,14.14415359,2.9058464100000005
23853.724,9036.97,2028.238,7.796391472981349,12.27,14.14415359,-1.8741535900000006
23853.68,9040.417,2022.435,9.14059702645336,14.26,12.08632183,2.1736781700000005
23853.615,9045.014,2014.698,6.726412491069741,11.45,12.08632183,-0.63632183
23853.566,9048.08,2009.541,9.790732199380457,11.36,12.55087566,-1.1908756600000014
23853.501,9051.927,2003.102,6.768879818700027,11.18,11.14938259,0.030617409999999623
23853.461,9054.236,1999.241,6.8365413770408,10.14,11.14938259,-1.0093825899999995
23853.411,9056.929,1994.734,9.538957909541267,9.9,10.53256416,-0.6325641599999994
23981.918,8961.726,1910.205,4.040399113948384,10.32,11.22117996,-0.9011799600000003
23973.922,8969.57,1887.297,9.227035981287836,13.36,13.51079369,-0.15079369000000042
24164.252,8876.077,1832.846,5.088138068095236,18.48,17.65160179,0.8283982099999996
24158.956,8646.497,1988.626,4.00859339419828,15.31,16.47947693,-1.16947693
24167.736,9022.204,1888.677,8.566717049138989,10.61,12.22142315,-1.6114231500000002
24167.457,9024.878,1880.878,5.217050603548461,13.5,12.22142315,1.2785768500000003
24223.079,8693.004,1995.765,7.048367328679542,14.32,14.61060238,-0.29060237999999927
24222.669,8699.736,1978.27,7.4666697395832236,14.0,14.17644405,-0.17644405000000063
24271.382,8661.207,2017.558,5.4277193184622705,15.97,13.56154728,2.4084527200000014
24341.388,8771.917,1983.746,4.983367235113705,13.49,14.40421772,-0.9142177199999999
24344.766,9117.012,1883.519,3.197070690491659,12.4,13.82079411,-1.4207941099999992
24270.935,8677.358,1983.718,5.6269808067923295,13.64,14.35883808,-0.7188380799999994
24271.122,8670.902,1997.256,7.577072257804747,16.72,15.26386642,1.4561335799999995
24271.037,8673.808,1991.164,5.230308690698821,10.8,14.35883808,-3.5588380799999992
24271.303,8663.793,2012.145,6.677999925127292,11.06,13.56154728,-2.5015472799999987
24371.266,8708.051,2038.544,6.8819541556158965,12.04,17.33404541,-5.2940454100000025
24370.994,8735.31,1985.937,2.192511117418492,12.99,13.54860687,-0.5586068700000002
24379.01,8614.124,1992.622,8.329607433725808,18.88,18.87999916,8.399999984476381e-07
24406.244,9194.897,1926.593,3.8536727935815382,11.67,12.06892204,-0.3989220400000004
24425.28,8752.847,2002.721,7.5374166662071875,11.36,13.59023762,-2.2302376200000005
24425.181,8762.858,1982.572,9.079708640699497,19.35,16.31014633,3.039853670000003
24430.291,9011.326,1851.785,4.346168657565149,11.02,11.35429001,-0.33429001000000014
24437.315,8732.738,2033.885,5.497189645627136,14.06,15.68992519,-1.6299251899999998
24437.016,8736.876,2026.754,7.545206955412054,18.16,15.68992519,2.47007481
24510.469,9117.538,1870.385,4.855886118929068,20.35,15.65697289,4.693027110000001
24509.471,9118.606,1867.765,4.11804589581075,11.34,15.65697289,-4.316972890000001
24507.214,9121.002,1861.872,6.909427183203827,9.63,14.79877281,-5.16877281
24375.877,9122.859,1883.094,4.042381228929453,14.19,13.05895138,1.1310486199999996
24363.279,9134.893,1849.887,6.343189970352809,12.95,12.00683117,0.9431688299999994
24361.521,9136.585,1845.239,8.450016982231569,10.24,12.00683117,-1.7668311699999997
24358.71,9139.233,1837.948,4.425278861269587,14.79,14.78999996,3.999999975690116e-08
24356.146,9141.639,1831.323,7.161352246608345,20.27,10.57503319,9.69496681
24729.575,8808.773,2029.593,5.589436733695935,18.03,17.58276939,0.44723061000000186
24727.791,8810.76,2025.073,9.762817728503725,7.66,17.11957932,-9.45957932
24725.759,8813.026,2019.902,7.423433235371971,11.19,14.97236919,-3.7823691900000007
24721.479,8817.882,2008.917,8.081847189844137,9.2,11.71578312,-2.51578312
24720.48,8819.033,2006.333,6.3116858286826645,13.8,11.71578312,2.0842168800000014
24563.968,9061.054,2009.049,8.422312093480844,15.81,22.30831528,-6.498315279999998
24557.872,9067.508,1993.39,8.357065753001688,38.9,19.8634491,19.036550899999998
24555.289,9070.154,1986.865,5.627207300251107,12.02,16.62304688,-4.603046880000001
24549.959,9075.78,1973.154,2.7372973897635764,13.79,15.17002678,-1.3800267800000015
24546.163,9079.791,1963.353,9.86756601193971,13.43,17.2082653,-3.778265300000001
24544.66,9081.41,1959.432,8.239315748288751,30.78,16.75579834,14.024201660000003
24542.408,9083.831,1953.547,6.409464408200897,12.8,16.75579834,-3.9557983399999976
24539.921,9086.529,1947.007,5.339675177386211,11.13,13.53642368,-2.4064236799999996
24708.013,9016.245,1982.281,7.692928896070184,9.7,11.20511818,-1.5051181800000002
24702.388,9021.702,1971.289,3.51509160620385,11.68,11.43184757,0.2481524299999993
24698.041,9025.951,1962.728,6.9367907565378815,11.31,12.19357777,-0.8835777699999987
24676.017,9048.174,1918.718,7.8171023403819735,11.66,11.75200367,-0.09200367000000043
24672.93,9051.265,1912.621,3.7616174712488535,12.22,13.00328255,-0.7832825499999991
24664.395,9060.057,1895.567,8.701193194039487,9.74,10.82282066,-1.0828206599999994
24423.354,9075.951,2011.529,8.415851590896244,7.89,8.99439049,-1.104390490000001
24421.717,9077.702,2006.858,6.63898011745784,11.13,11.04726028,0.08273972000000107
24629.864,8865.737,2019.274,3.04610259183846,14.13,14.02201462,0.10798538000000057
24619.887,8875.921,1987.036,7.45863968830663,11.68,13.22246647,-1.5424664700000008
24619.757,9112.566,1968.018,8.869990360762348,12.37,12.85133266,-0.4813326600000014
24616.684,9115.829,1959.36,4.653245856389756,13.8,13.83542442,-0.03542442000000001
24613.853,9118.809,1951.353,7.356949027959313,14.66,13.83542442,0.8245755799999994
24610.754,9121.999,1942.677,3.4764703364185845,13.83,13.928792,-0.09879199999999955
24662.835,8962.819,1984.476,6.508729676364825,10.1,10.51260757,-0.4126075700000005
24662.813,8968.225,1975.474,6.890084905136054,11.09,11.49123001,-0.4012300100000008
24662.809,8974.406,1965.188,9.0555872807902,13.32,12.06831074,1.251689260000001
24763.972,8889.461,2009.553,8.474202853366222,12.51,12.35247612,0.1575238799999994
24763.923,8902.971,1986.177,2.809287988085032,9.84,10.06374931,-0.22374931000000053
24763.773,8920.921,1954.972,4.9648317192026274,11.23,12.09424973,-0.8642497299999992
24763.653,8938.76,1923.703,5.466645955245155,11.42,12.41987419,-0.9998741899999999
24714.987,8825.364,1992.121,5.272694377639917,10.96,11.06482697,-0.10482696999999952
24700.765,8841.403,1956.003,4.264931769677031,9.81,11.70350933,-1.8935093299999988
24610.982,9030.198,1932.982,7.444182426566177,13.15,12.93127537,0.21872463000000053
24610.952,9033.402,1925.379,3.073849215559662,13.58,12.93127537,0.6487246300000002
24610.842,9038.347,1913.628,3.9017633193206827,10.93,12.31065369,-1.3806536900000008
24610.727,9042.71,1903.259,6.446216719906947,13.21,12.60948944,0.60051056
24610.612,9047.672,1891.515,6.820876263354851,11.61,12.60948944,-0.9994894400000014
24775.329,9031.17,1893.778,5.765017346027035,12.99,13.64589882,-0.6558988199999991
24898.479,8919.965,1913.068,5.092375673494658,10.54,11.64125061,-1.101250610000001
24898.492,8924.477,1907.077,5.537736180064556,15.79,13.10229397,2.6877060299999993
24898.483,8933.065,1895.706,2.8158391289274176,12.67,12.45370007,0.21629992999999992
25025.261,8861.711,1986.844,21.037608656879176,14.85,10.53999996,4.31000004
24676.782,9002.93,1995.881,8.150557342905525,16.31,17.25837326,-0.9483732600000003
24676.26,9054.275,1902.578,6.359977122599439,11.08,14.02453804,-2.9445380399999994
24676.207,9058.611,1894.692,5.887786850761042,14.93,14.02453804,0.9054619600000002
23853.98,8958.668,2158.807,9.7582207906969,14.47,13.57367802,0.8963219800000015
23854.005,8964.426,2149.143,7.3426119330939486,12.24,13.34010792,-1.1001079199999992
23854.026,8969.034,2141.412,8.61194379916737,10.34,11.62437248,-1.28437248
23854.041,8971.719,2136.9,7.342318571134027,8.77,11.67258167,-2.90258167
23879.948,8847.905,2186.562,5.5616160421234175,12.59,12.87871552,-0.2887155200000002
23879.989,8849.716,2181.634,5.402382159752327,15.27,12.87871552,2.3912844799999995
23880.029,8851.529,2176.707,7.211278042066561,9.47,12.63575459,-3.165754589999999
23880.074,8853.603,2171.077,4.622987562173045,8.1,10.75782108,-2.6578210799999997
23880.171,8858.792,2157.003,6.46455829890868,10.38,12.46303177,-2.08303177
23880.222,8862.169,2147.857,6.081224712178425,16.09,12.39434052,3.6956594799999998
23880.246,8863.994,2142.935,6.171853611354837,12.12,12.99023533,-0.8702353300000016
23880.268,8865.826,2138.015,2.9341651282773036,11.44,12.99023533,-1.5502353300000014
23880.334,8871.337,2123.261,4.693425827686772,16.4,14.95953465,1.4404653499999984
23880.354,8873.95,2116.23,6.968551929920203,14.29,14.95953465,-0.669534650000001
23880.378,8877.882,2105.69,4.457006618797089,13.04,14.56233215,-1.5223321500000004
23880.389,8879.989,2100.072,9.402745662836443,15.75,14.56233215,1.1876678500000004
24379.4,9291.938,2155.181,8.01084296438394,13.65,13.83467674,-0.18467674000000045
24376.584,9294.915,2143.903,7.595043778674906,13.49,12.88607311,0.6039268900000003
24371.764,9299.854,2124.865,5.449425382551256,13.38,13.85320568,-0.4732056799999995
24440.585,9057.842,2060.239,7.810653621817772,9.44,9.82901478,-0.3890147800000001
24300.667,9009.193,2149.88,5.871587349260988,22.46,22.07107544,0.38892455999999953
24363.5,9243.957,2202.451,7.848582674597976,11.03,15.76950932,-4.73950932
24361.067,9247.84,2193.845,5.8436387636468305,10.18,15.76950932,-5.5895093199999994
24359.829,9249.977,2189.212,8.67442874199879,26.76,21.7540741,5.005925900000001
24357.074,9254.505,2179.289,3.276739538016253,25.19,22.06024361,3.1297563900000007
24366.618,9285.306,2145.205,9.375957817738843,12.3,14.06372643,-1.7637264299999984
24364.498,9287.55,2138.37,7.498760164186503,11.79,12.43156242,-0.6415624200000014
24347.557,8694.422,2216.346,6.379580628850657,7.22,9.04375362,-1.8237536200000006
24347.366,8696.823,2209.244,6.132113909576191,8.71,9.04375362,-0.33375361999999953
24341.304,9158.636,2215.953,5.155009311340057,22.6,16.28462219,6.315377810000001
24337.538,9162.641,2204.449,8.858607452641646,8.46,11.87833405,-3.4183340499999986
24335.979,9164.294,2199.716,6.923332506821268,11.67,11.87833405,-0.2083340499999995
24320.411,9180.982,2151.606,8.197406968060022,12.52,14.33589935,-1.8158993500000005
24323.878,8711.615,2216.735,17.003009557134533,10.37,11.58529949,-1.2152994900000014
24344.277,8980.373,2215.812,5.96122487413424,16.51,17.6590786,-1.1490785999999993
24344.242,8997.988,2173.589,7.002758670694705,18.09,17.13000107,0.9599989300000011
24344.169,9005.987,2154.172,2.560334743740373,12.4,17.13000107,-4.730001069999998
24425.796,8692.703,2125.253,7.602554439135819,15.66,15.67116833,-0.011168330000000282
24459.439,9140.58,2104.53,6.142232574561852,13.67,14.66529465,-0.99529465
24457.177,9142.913,2096.947,7.243321544706026,9.35,13.49532795,-4.14532795
24446.729,9153.77,2061.79,1.6159953589042158,14.27,14.56316948,-0.29316947999999954
24442.812,9157.78,2048.688,5.578269265640355,13.64,14.35738659,-0.7173865900000003
24344.448,9274.985,2134.321,3.728400461324103,11.16,13.04719639,-1.8871963899999997
24342.803,9277.718,2128.372,6.477632051915437,13.02,14.29524326,-1.2752432599999999
24341.342,9280.146,2123.084,5.024274674019356,12.73,14.46706295,-1.7370629500000003
24339.699,9282.871,2117.131,6.419065586205056,17.9,14.46706295,3.432937049999998
24449.264,9368.543,2168.679,13.708194118846887,14.3,18.64699936,-4.346999359999998
24449.329,9365.747,2162.535,11.978917939446532,12.52,18.64699936,-6.126999359999999
24449.408,9362.958,2156.389,9.06060422929991,15.65,18.00681114,-2.3568111399999996
24449.71,9354.964,2138.606,10.2658965512027,9.5,16.43688011,-6.936880110000001
24276.319,9332.63,2178.81,7.578770414784334,28.68,24.47105789,4.208942109999999
24298.964,9098.067,2181.594,3.5171893608383105,15.34,16.46047974,-1.1204797400000004
24322.617,8890.077,2191.164,9.392790533170636,15.85,16.33428192,-0.48428191999999903
24575.835,8624.5,2215.167,7.19618746281746,14.84,17.01999283,-2.1799928299999998
24577.886,8681.934,2108.973,5.732284099729979,23.68,21.69219017,1.9878098299999998
24578.686,8708.183,2060.08,5.525801751781777,13.41,15.11758804,-1.7075880399999992
24627.605,8927.776,2044.265,4.264085599515841,12.45,13.26701546,-0.8170154600000004
24355.755,9162.051,2211.839,3.4897775000706868,13.49,14.314641,-0.8246409999999997
24355.912,9168.711,2198.4,4.135609386776556,10.72,11.90620041,-1.1862004099999996
24356.017,9172.038,2191.679,6.69751998877172,11.02,12.18451118,-1.1645111799999999
24320.812,9205.956,2201.051,7.632357499487088,19.23,17.9813385,1.2486615000000008
24320.669,9207.503,2196.036,7.42097473381899,21.88,17.9813385,3.8986614999999993
24322.973,8880.615,2219.631,10.081821016065902,11.97,16.55536842,-4.58536842
24370.195,8718.327,2177.004,6.825538074027412,13.75,15.33650589,-1.5865058899999998
24369.827,8724.865,2164.347,4.135766313513456,12.31,13.10785961,-0.7978596099999997
24472.251,8714.106,2192.373,7.391709274585804,10.89,11.86233521,-0.9723352099999989
24471.851,8721.882,2179.553,7.093513515883174,14.25,15.54255867,-1.29255867
24471.714,8726.587,2171.882,7.4295551010810685,14.98,14.63587379,0.34412621000000065
