holeid;From;To;Este;Norte;Cota;Rec_Peso_PND25_(%)
DD8806;925.5;954;8896.836;25603.992;1514.132;12.4
DD5296;579;604.5;9011.871;26029.625;1839.699;15.4
DD5290;847.5;862.5;8913.27;25708.682;1586.962;16.1
DD8005;958.5;987;8943.9;25143.9;1475.9;14.6
DD4976;778.5;808;8868.632;25789.857;1652.174;15.1
DM5258;495;502.5;9098.023;24980.459;1884.722;15.5
DD4976;1263;1293;8654.587;25827.915;1219.739;12
DD3203;767;798.5;8862.301;25804.168;1626.027;15.5
DD8806;876;904;8881.648;25604.292;1561.505;19.9
DD5454;580.5;591;8977.652;24968.162;1835.855;17.6
DD3205;804.5;839;8969.611;26398.533;1605.232;12.8
DD5274;571.5;583.5;9130.378;24752.244;1804.749;17.2
DD5227;961.5;985.5;9096.264;24386.705;1414.744;17.4
DD4885;895.5;918;8958.958;25036.903;1489.077;13.2
DD8822;861;897;8960.014;28475.871;1654.478;10.9
DD4918C;658.5;690;9087.109;24910.374;1786.668;16.2
DD4903;1056;1090.5;8904.454;24983.83;1340.92;10.7
DD4901;732;754.5;9065.842;24966.796;1687.697;16.4
DD5291;661.5;678;9026.392;25759.923;1739.631;11.8
DD8561;741;763.5;8993.651;28296.3;1786.898;18.5
DD5116;472.5;498;8829.641;25546.81;1663.994;13.4
DD4900;325.5;343.5;8963.463;25500.241;1775.981;17.1
DD5302;609;642;9037.527;26157.295;1819.228;18.3
DD5123;381;411;9000.904;25551.583;1707.236;16
DD5000;355.5;381;9048.852;25906.389;1837.166;15.4
DD8811B;1048.5;1078;8900.779;25105.127;1422.067;20.4
DD8556;1026;1056;8904.72;26212.873;1438.238;15.8
DD3266;726;763.5;8963.005;25382.002;1650.13;21.2
DD3266;894;918;8969.47;25376.577;1489.101;15.5
DD3167;545;585.5;9047.681;26198.206;1854.555;16.9
DD8563;708;717;9000.099;28682.099;1835.974;21.2
DD8804;699;727.5;9011.918;28098.563;1808.222;17
DD8560;412.5;423;9131.047;28290.497;2125.626;13.4
DD8558;286.5;300;9128.534;27901.692;2207.938;21.8
DD8821;438;451.5;9084.206;28501.429;2073.464;16.8
DD8803;373.5;388.5;9114.293;28111.387;2127.225;17.4
DD8563;718.5;738;9005.231;28681.171;1821.113;20.6
DD8563;744;756;9012.233;28679.933;1800.558;18.7
DD8804;729;750;9019.497;28098.324;1783.092;19.9
DD8560;363;376.5;9109.462;28291.806;2168.478;20.3
DD8801;720;750;8974.54;25226.736;1724.471;20.4
DD8808;765;792;8909.568;25995.647;1686.941;22
DD8555;870;894;8974.095;26195.432;1590.598;14.3
DD8814;898.5;927;8957.61;24802.397;1518.692;21.6
DD8814;934.5;972;8971.927;24801.809;1480.811;10.6
DD8815;1077;1101;8914.196;24841.415;1368.848;19.1
DD8815;1129.5;1153.5;8934.162;24843.411;1320.334;10.2
DD8855;829.5;855;8961.6;26196.2;1628.3;23.5
DD8822;765;795;8935.382;28479.261;1750.304;18
DD8557;795;807;9023.016;26790.971;1672.205;15.4
DD8818;702;715.5;9025.886;26590.951;1763.335;14.8
DD8805;874;909;8917.383;25155.122;1551.959;16
DD5227;999;1021.5;9103.667;24384.428;1378.819;15.1
DD5245;1059;1084.5;8879.8;24952.633;1312.159;15.1
DD5296;672;697.5;9032.406;26024.492;1749.141;14.1
DD5245;1084.5;1114.5;8880.246;24950.973;1284.463;14.3
DD5274;631.5;643.5;9139.848;24752.322;1745.501;13.2
DD3136;597.5;609.5;9047.035;26001.25;1809.462;14.8
DD3173;830;864.5;8940.182;25810.498;1560.526;14.7
DD5309;343.5;363;8990.151;25652.673;1751.717;21
DD5100;490.5;511.5;8927.508;25400.771;1614.124;15.6
DD5290;736.5;748.5;8944.257;25703.791;1694.997;22.5
DD4903;1134;1155;8891.163;24981.964;1270.948;12.6
DD4891;600;630;8809.253;25500.099;1630.409;16.2
DD5274;643.5;660;9142.064;24752.343;1731.425;18.5
DD3173;767;830;8941.67;25807.92;1609.185;13.9
DD3170;603;636;9047.154;25594.014;1780.753;14.9
DD4901;675;712.5;9046.367;24971.701;1732.94;17.2
DM5258;558;565.5;9092.324;24978.542;1822.01;16.4
DM5258;574.5;582;9090.823;24978.05;1805.586;18.8
DD5290;795;805.5;8928.308;25706.63;1639.566;12.7
DD4976;1056;1078.5;8756.927;25807.131;1402.719;14.7
DD4976;892.5;915;8826.699;25796.015;1550.136;18.9
DD4919;619.5;658.5;9136.407;24778.355;1788.873;14
DD5227;831;856.5;9070.067;24393.702;1541.627;22.8
DD5219;825;855;9247.887;24437.368;1603.439;13.3
DD5277;568.5;591;9144.344;24839.302;1824.939;13.1
DD8551;1066.5;1092;9012.644;24598.74;1326.939;11
DD8551;1110;1134;9021.461;24598.706;1285.108;14.5
DD8550;936;960;9074.611;24592.792;1465.014;14.6
DD5290;907.5;924;8896.43;25710.441;1528.62;13.8
DD5274;613.5;627;9137.149;24752.29;1762.539;15.4
DD8818;666;688.5;9016.859;26591.985;1793.496;14.5
DD8807;745.5;777;8996.684;27711.599;1746.733;15.7
DD8802;439.5;453;9103.15;27700.46;2054.164;12.1
DD8802;454.5;468;9108.135;27700.776;2040.021;17.4
DD8821;405;415.5;9074.408;28501.938;2106.539;14.7
DD5227;1023;1047;9108.692;24382.829;1354.638;15.3
DD4921;601.5;658.5;9049.748;25169.873;1822.406;22.2
DD4884;198;217.5;9165.296;25000.911;2184.442;-99
DD4893;14.5;21;9057.017;25500.273;2209.384;-99
DD4901;406.5;445.5;8945.597;24988.815;1980.329;-99
DD4906;43.5;70.5;9094.749;25552.769;2256.465;-99
DD4938;9;28.5;9083.326;25700.33;2220.175;-99
DD4940;25.5;37.5;9077.077;25700.206;2237.206;-99
DD4943;10.5;21;9077.222;25725.178;2220.361;-99
DD4946;7.5;27;9050.513;25725.378;2194.04;-99
DD4949;1.5;21;9075.811;25751.772;2192.559;-99
DD4951;9;19.5;9075.381;25751.488;2219.612;-99
DD4944;3;27;9057.746;25725.846;2218.653;-99
DD4952;27;37.5;9095.39;25750.813;2226.289;-99
DD4954B;10.5;43.5;9090.544;25773.968;2224.145;-99
DD4969;45;64.5;9075.721;25826.252;2148.776;-99
DD4982;25.5;58.5;9085.686;25849.278;2164.602;-99
DD4985;49.5;81;9111.64;25878.179;2234.07;-99
DD4997;93;114;9095.681;25898.374;2137.464;-99
DD5116;15;27;9028.63;25550.402;2083.081;-99
DD5231;174;207;9033.532;25597.139;2022.148;-99
DG5234;46.5;51;9059.111;25601.305;2189.685;-99
DD4886;390;399;8948.745;25489.844;2047.092;-99
DD4886;438;459;8971.765;25485.547;1998.434;-99
DD4891;124.5;136.5;8985.259;25501.484;2081.703;-99
DD4893;0;10.5;9045.096;25501.032;2205.698;-99
DD4893;51;63;9094.446;25497.892;2220.958;-99
DD4896;54;75;9072.05;25601.865;2226.56;-99
DD4897;70.5;99;9085.944;25600.571;2161.234;-99
DD4898;66;87;9027.177;25598.954;2280.104;-99
DD4899;66;81;9037.415;25596.912;2241.829;-99
DD4906;0;24;9066.213;25553.14;2216.041;-99
DD4906;27;39;9078.224;25552.721;2233.262;-99
DD4906;39;52.5;9085.516;25552.466;2243.717;-99
DD4907;46.5;51;9079.115;25552.727;2156.816;-99
DD4938;30;51;9097.829;25701.548;2236.339;-99
DD4940;22.5;25.5;9075.269;25700.054;2229.929;-99
DD4942;40.5;64.5;9028.455;25698.604;2166.381;-99
DD4945;6;31.5;9086.434;25724.912;2213.636;-99
DD4946;57;79.5;9004.925;25725.026;2171.182;-99
DD4947;61.5;75;9048.829;25751.09;2272.17;-99
DD4955;37.5;60;9021.518;25774.958;2182.41;-99
DD4956;18;37.5;9050.123;25775.379;2180.621;-99
DD4960;0;10.5;9075.809;25799.825;2208.667;-99
DD4963;54;84;9011.528;25800.479;2162.807;-99
DD4976;199.5;210;9046.03;25794.066;2212.787;-99
DD4976;211.5;223.5;9042.24;25793.396;2200.631;-99
DD4976;276;286.5;9023.816;25790.274;2139.683;-99
DD4976;334.5;355.5;9006.511;25787.661;2078.383;-99
DD4981;0;18;9069.408;25848.96;2194.157;-99
DD4984;15;57;9084.117;25876.194;2186.079;-99
DD4985;34.5;49.5;9090.521;25877.273;2224.39;-99
DD5100;27;46.5;9029.325;25401.628;2067.064;-99
DD5100;73.5;82.5;9019.868;25401.549;2026.913;-99
DD5100;121.5;133.5;9008.843;25401.305;1978.658;-99
DD5116;27;55.5;9018.599;25550.175;2065.491;-99
DD5116;57;72;9007.352;25549.799;2045.147;-99
DD5230;0;16.5;9023.248;25464.817;2194.211;-99
DD4884;195;198;9168.766;25000.698;2195.142;-99
DD4908;79.5;90;8994.528;25554.27;2134.375;-99
DD4908;90;112.5;8984.603;25553.958;2121.198;-99
DD4920;454.5;477;8969.698;25096.487;1990.307;-99
DD4924B;340.5;355.5;9056.711;25105.748;2094.184;-99
DD4954B;43.4;63;9110.49;25773.202;2241.193;-99
DD4965;10.5;30;9086.589;25825.69;2191.154;-99
DD4965;30;46.5;9100.866;25826.014;2180.196;-99
DD4969;34.5;45;9073.796;25826.074;2163.651;-99
DD5223;160.5;166.5;9190.041;26343.447;2286.216;-99
DD4884;232.5;243;9156.04;25001.428;2155.911;-99
DD4885;394.5;414;8882.965;25049.898;1985.57;-99
DD5116;88.5;94.5;8994.479;25549.282;2021.419;-99
DD4898;54;66;9023.261;25599.729;2264.094;-99
DD4895;16.5;30;9046.563;25501.428;2181.602;-99
DD4895;69;81;9062.792;25501.31;2132.464;-99
DD4895;1.5;13.5;9041.555;25501.401;2196.534;-99
DD4902C;429;447;9099.684;25024.56;2014.132;-99
DD4904;43.5;61.5;9096.915;25552.53;2234.524;-99
DD4905;7.5;27;9060.696;25553.323;2223.711;-99
DD4907;0;46.5;9068.818;25553.069;2180.142;-99
DD4927;58.5;72;8977.857;25463.632;2160.398;-99
DD4933;30;43.5;9109.246;25651.066;2175.102;-99
DD4937;0;24;9032.633;25725.231;2111.68;-99
DD4937;42;73.5;9070.348;25726.633;2137.537;-99
DD4940;37.5;52.5;9080.332;25700.479;2250.305;-99
DD4944;36;51;9040.203;25726.213;2241.111;-99
DD4946;27;34.5;9038.453;25725.209;2187.974;-99
DD4948;22.5;36;9042.383;25751.581;2185.4;-99
DD4954B;78;111;9141.834;25771.998;2267.983;-99
DD4956;37.5;52.5;9039.702;25775.78;2166.881;-99
DD4956;54;67.5;9030.297;25776.253;2154.257;-99
DD4956;87;105;9009.362;25777.423;2125.921;-99
DD4957;73.5;108;9099.824;25750.583;2156.149;-99
DD4965;46.5;55.5;9110.984;25826.251;2172.441;-99
DD4969;4.5;21;9070.287;25825.748;2190.42;-99
DD4974;79.5;93;9096.125;25802.588;2120.655;-99
DD4974;93;106.5;9100.164;25802.998;2107.78;-99
DD4976;267;276;9026.547;25790.712;2149.033;-99
DD4976;316.5;325.5;9013.019;25788.585;2101.465;-99
DD4981B;72;91.5;9075.759;25850.965;2121.86;-99
DD4981B;94.5;115.5;9077.879;25851.565;2098.714;-99
DD4981B;139.5;154.5;9081.541;25852.601;2056.887;-99
DD4941;49.5;60;9102.801;25700.754;2157.993;-99
DD4997;63;93;9076.343;25899.501;2154.048;-99
DD5000;210;231;9037.172;25904.576;1984.435;-99
DD4924B;241.5;250.5;9002.166;25103.786;2180.35;-99
DD4924B;384;396;9078.918;25106.659;2058.547;-99
DD4941;10.5;37.5;9084.594;25700.132;2182.766;-99
DD4953;28.5;43.5;9084.974;25775.646;2170.464;-99
DD4982;6;24;9075.052;25849.037;2189.418;-99
DD4892;27;40.5;9005.364;25502.56;2186.733;-99
DD4903;348;378;9058.923;25000.774;2033.847;-99
DD4903;147;153;9118.228;25001.209;2238.385;-99
DD4903;154.5;160.5;9115.913;25001.3;2231.252;-99
DD5006;66;78;9147.826;25946.611;2240.507;-99
DD5231;27;49.5;8984.57;25597.924;2166.283;-99
DD4894;51;75;9085.984;25498.902;2248.781;-99
DD4903;108;114;9130.455;25000.846;2275.416;-99
DD4893;10.5;14.5;9052.01;25500.592;2207.836;-99
DD4939;9;28.5;9053.735;25699.297;2218.714;-99
DD4920;369;379.5;8922.175;25096.729;2068.477;-99
DD3316;330;345;8858.592;25196.42;2051.8;-99
DD5100;46.5;66;9024.835;25401.575;2048.089;-99
DD4922;406.5;423;8946.877;25287.418;2009.841;-99
DM5256;153;177;9133.976;25985.096;2247.4;-99
DD4884;271.5;288;9143.082;25002.153;2115.966;-99
DD4920;390;402;8933.719;25096.318;2050.048;-99
DD4922;532.5;549;8996.583;25280.531;1894.274;-99
DD4891;301.5;313.5;8918.677;25500.018;1917.742;-99
DD4895;51;60;9056.767;25501.437;2151.009;-99
DD4905;37.5;52.5;9063.956;25553.215;2251.268;-99
DM5255;310.5;315;9068.411;25983.601;2099.454;-99
DM5255;318;321;9068.313;25983.637;2092.705;-99
DM5255;321;331.5;9068.216;25983.674;2085.955;-99
DM5255;331.5;334.5;9068.129;25983.715;2079.206;-99
DM5255;352.5;363;9067.797;25983.884;2054.459;-99
DM5255;366;373.5;9067.624;25983.987;2042.461;-99
DM5258;243;246;9122.523;24983.93;2137.76;-99
DM5258;247.5;252;9122.007;24983.9;2132.536;-99
DD5100;82.5;96;9017.299;25401.535;2015.96;-99
DG5234;66;75;9079.923;25601.91;2183.4;-99
DD4890;438;448.5;8921.437;25408.34;1973.235;-99
DM5255;378;381;9067.487;25984.075;2032.712;-99
DM5255;382.5;393;9067.373;25984.154;2024.463;-99
DM5255;393;408;9067.195;25984.274;2011.715;-99
DM5255;408;411;9067.039;25984.34;2002.717;-99
DM5258;418.5;423;9105.642;24982.09;1962.331;-99
DM5258;423;426;9105.27;24982.031;1958.6;-99
DM5257;190.5;195;9089.497;25406.086;2203.259;-99
DM5257;207;217.5;9087.989;25405.921;2183.821;-99
DM5257;217.5;234;9087.003;25405.997;2170.358;-99
DG5234;51;66;9068.453;25601.549;2186.908;-99
DD5100;9;27;9033.701;25401.728;2085.296;-99
DD4974;51;70.5;9088.497;25801.813;2144.975;-99
DD4903;118.5;126;9126.866;25000.984;2264.755;-99
DD4976;108;114;9075.337;25797.71;2301.758;-99
DM5258;201;220.5;9125.91;24984.116;2171.339;-99
DM5258;196.5;199.5;9127.218;24984.175;2184.022;-99
DM5258;426;429;9104.972;24981.981;1955.615;-99
DM5258;429;432;9104.673;24981.93;1952.631;-99
DM5258;436.5;439.5;9103.928;24981.804;1945.169;-99
DM5258;439.5;444;9103.555;24981.741;1941.438;-99
DM5258;445.5;448.5;9103.032;24981.652;1936.215;-99
DD4884;175.5;189;9173.158;25000.376;2208.694;-99
DD4884;252;267;9149.329;25001.804;2135.225;-99
DD4884;340.5;360;9122.189;25003.579;2048.651;-99
DM5258;324;328.5;9114.721;24983.275;2056.386;-99
DD4901;372;385.5;8928.832;24990.748;2024.46;-99
DD4901;460.5;478.5;8961.539;24986.71;1939.912;-99
DD4901;483;500;8969.696;24985.534;1919.514;-99
DD4903;160.5;174;9112.902;25001.416;2221.979;-99
DD4903;180;199.5;9106.117;25001.701;2200.529;-99
DD4903;336;348;9064.373;25000.944;2054.127;-99
DD4903;378;396;9052.797;25000.556;2010.643;-99
DD4903;400.5;418.5;9047.156;25000.192;1988.865;-99
DD4903;439.5;459;9037.518;24999.41;1950.31;-99
DD4903;510;520.5;9022.053;24998.11;1886.163;-99
DM5258;124.5;134.5;9134.162;24984.312;2252.168;-99
DM5258;135;141;9133.252;24984.282;2243.717;-99
DD4920;402;420;8941.633;25096.146;2037.307;-99
DD4920;420;436.5;8950.602;25096.006;2022.572;-99
DD4920;483;499.5;8982.467;25097.433;1968.255;-99
DD4920;531;550.5;9006.822;25100.425;1925.268;-99
DD4920;580.5;594;9029.085;25103.418;1884.554;-99
DD4924B;220.5;228;8990.187;25103.556;2198.502;-99
DD4924B;250.5;265.5;9008.708;25103.959;2170.291;-99
DD4924B;270;289.5;9020.455;25104.32;2151.99;-99
DD4924B;363;379.5;9069.031;25106.254;2074.473;-99
DD4924B;441;460.5;9111.108;25107.905;2007.042;-99
DD5326;315;319.5;8986.643;25089.839;2128.042;-99
DD4888;360;369;8906.391;25195.886;2063.164;-99
DD4888;490.5;510;8965.358;25190.386;1941.023;-99
DD4888;562.5;573;8994.117;25185.913;1880.121;-99
DD4922;291;310.5;8902.682;25292.486;2114.8;-99
DD4922;324;339;8914.712;25291.132;2086.533;-99
DD4922;487.5;495;8976.557;25283.201;1939.463;-99
DD5287;297;307.5;9007.718;25295.58;2119.281;-99
DD4890;481.5;498;8935.841;25408.12;1929.023;-99
DD5100;172.5;186;8997.299;25401.137;1928.212;-99
DD5100;210;228;8988.543;25401.091;1889.439;-99
DD4886;192;198;8860.066;25499.521;2225.494;-99
DD4891;0;10.5;9033.817;25502.095;2197.128;-99
DD4891;12;18;9029.875;25502.105;2188.211;-99
DD4892;7.5;15;9025.208;25502.473;2197.338;-99
DD4891;52.5;66;9012.097;25502.039;2147.691;-99
DD4891;106.5;120;8991.44;25501.516;2097.808;-99
DD4892;73.5;88.5;8964.431;25503.159;2163.169;-99
DD4894;30;49.5;9069.113;25499.872;2232.812;-99
DD4894;172.5;190.5;9171.969;25493.959;2330.17;-99
DD4895;135;150;9083.646;25500.874;2068.267;-99
DD4895;150;162;9087.812;25500.689;2055.428;-99
DD4899;12;30;8991.4;25598.16;2216.674;-99
DD5231;141;154.5;9019.088;25596.724;2062.381;-99
DD5328;40.5;49.5;9025.62;25611.434;2062.739;-99
DD5328;130.5;150;8972.935;25611.121;1983.389;-99
DD4939;28.5;36;9043.398;25698.972;2227.392;-99
DD4942;70.5;85.5;9009.664;25698.013;2149.153;-99
DD5244C;190.5;210;9031.496;25707.595;2204.363;-99
DD5244C;252;267;9028.394;25706.857;2145.199;-99
DD5244C;391.5;397.5;9021.389;25706.045;2010.386;-99
DD5244C;399;409.5;9020.961;25706.034;2000.645;-99
DD4976;130.5;138;9067.827;25796.999;2279.766;-99
DD4985;123;132;9168.316;25880.951;2259.666;-99
DD4995;112.5;131.3;9101.192;25904.231;2295.123;-99
DD4997;10.5;16.5;9026.965;25902.262;2195.45;-99
DD4997;16.5;27;9033.321;25901.906;2190.202;-99
DD5240;43.5;54;9016.602;25876.637;2166.536;-99
DD5233;100.5;114;9033.795;25895.725;2318.966;-99
DD5014;33;46.5;9045.192;25999.748;2184.365;-99
DD5294;232.5;267;9054.53;25998.785;2201.743;-99
DD5294;381;390;9124.673;25994.472;2085.606;-99
DD5221;91.5;100.5;9032.435;26099.672;2324.702;-99
DD5221;112.5;127.5;9039.063;26099.3;2301.64;-99
DD4899;121.5;130.5;9084.266;25593.48;2265.255;9.34
DD5013;75;88.5;9038.357;25997.772;2279.299;16.47
DD3345;101;114.5;9049.319;25500.22;2288.893;13.3
DD5239;102;111;9099.841;26000.471;2305.887;26.72
DD5294;186;195;9023.762;25999.419;2252.374;13.83
DD3941;3;12;9073.272;25993.583;2205.183;14.44
DD3171;122;134;9048.789;25399.355;2266.071;19.24
DD4016;163.5;174;9067.713;25092.534;2238.807;17.37
DD3394;153.5;171.5;9129.889;25082.242;2244.423;25.96
DD3120;115.5;129;9062.462;25196.688;2265.821;24.01
DD5216;159;168;9043.187;25290.781;2256.849;15.79
DD3691;27.5;41;9012.635;25543.847;2202.188;23.35
DD3377;150;162;8989.51;25171.782;2265.928;20.78
DD3120;142.5;153;9062.121;25196.402;2240.324;21.87
DD4887;138;148.5;9063.041;25249.811;2256.432;19.99
DD4887;199.5;210;9040.442;25249.48;2199.236;16.87
DM5257;162;172.5;9091.656;25406.911;2228.654;12.01
DD5007;51;61.5;9103.017;25952.407;2151.823;20.16
DD3692;93;103.5;8994.647;25778.889;2203.276;16.45
DD5294;195;204;9028.434;25999.319;2244.682;24.35
DM5256;202.5;211.5;9137.61;25985.487;2205.559;10.95
DD3370;202.5;213;9003.739;26055.202;2246.199;18.72
DD3370;235.5;246;9018.153;26046.195;2217.913;16.89
DD3370;259.5;277.5;9029.95;26038.633;2193.963;26.22
DD5299;231;241.5;9116.519;26102.546;2196.693;12.65
DD3198;215;225.5;9159.22;26090.522;2224.988;19.18
DD3406;120.5;141.5;9143.638;25448.903;2281.744;25.09
DD3970;100.5;109.5;8971.076;25652.903;2188.753;19.89
DD3198;153.5;167;9131.049;26094.034;2277.766;20.45
DD3785;54;70.5;9047.175;25550.705;2267.937;26.99
DD4906;73.5;85.5;9105.432;25553.479;2270.934;38.75
DD3402;135.5;158;9174.171;25502.995;2270.211;28
DD4899;184.5;198;9142.642;25589.465;2294.111;23.56
DD3392;162;172.5;8991.802;25632.384;2265.648;23.6
DD4961;76.5;90;9115.771;25797.657;2277.096;9.69
DD4978;61.5;76.5;9097.399;25847.223;2271.308;29.54
DD4960;46.5;67.5;9120.984;25799.947;2233.907;17.05
DD3359;151.5;160.5;9027.802;25894.732;2272.641;25.41
DD3360;170.5;179.5;9094.331;25887.782;2263.745;26.14
DD4995;100.5;112.5;9090.469;25903.706;2284.083;20.03
DD5292;145.5;154.5;9132.75;25948.532;2287.515;13.34
DD5004;51;63;9087.432;25948.323;2266.384;17.04
DD5013;99;111;9026.228;25997.111;2299.123;11.66
DD5239;139.5;148.5;9099.859;26000.602;2268.387;16.41
DM5256;111;120;9129.744;25984.761;2296.717;16.27
DM5256;121.5;130.5;9130.633;25984.794;2286.255;15.12
DM5256;133.5;142.5;9131.67;25984.87;2274.3;17.42
DD3200;109;119.5;9151.562;26001.181;2297.13;25.87
DD5011;84;99;9155.685;26001.529;2264.65;16.99
DD5298;132;141;9122.364;26046.478;2306.83;17.5
DD5298;145.5;154.5;9130.638;26046.043;2296.171;11.21
DD5298;178.5;187.5;9150.78;26044.841;2270.059;7.2
DD5298;187.5;196.5;9156.304;26044.489;2262.963;11.47
DD5281C;285;295.5;9078.635;24937.082;2143.278;27.88
DD3290;211.5;225;9209.18;25000.798;2162.371;22.89
DD4967;15;25.5;9049.107;25826.092;2218.272;19.44
DD5327;271.5;285;8979.955;25034.508;2152.196;26.52
DD3377;253.5;270;9044.492;25146.143;2179.372;26.98
DD4922;240;253.5;8881.722;25294.717;2164.516;38.46
DD5285;292.5;306;8901.546;25277.669;2177.68;37.59
DD3872B;21;34.5;9011.123;25507.842;2100.682;27.1
DD3869;12;25.5;9062.929;25696.995;2100.967;27.68
DD5273;166.5;177;9256.22;24697.001;2216.589;23.25
DD3394;236;258.5;9166.261;25072.189;2168.542;23.79
DD3974;6;19.5;9023.816;25441.951;2102.756;23.79
DD5273;139.5;151.5;9245.192;24697.927;2240.392;20.34
DD5228B;318;328.5;8999.457;24970.594;2140.382;28.51
DD3397;301.5;315;9092.551;25052.038;2115.591;22.42
DD5315;19.5;33;9047.246;25340.202;2088.163;23
DD3834;7.5;21;9060.45;25646.15;2100.999;15.68
DD3860;6;19.5;9019.8;25646.013;2100.883;20.63
DD5327;253.5;267;8989.882;25033.662;2167.187;29.72
DD3863;34.5;48;9066.206;25751.792;2099.358;19.61
DD3863;6;19.5;9037.832;25752.783;2101.842;22.22
DD3392;340.5;358.5;9072.026;25610.492;2103.685;19.19
DD3860;27;40.5;8998.957;25645.831;2098.324;20.26
DD3397;273;288;9080.795;25057.028;2140.223;21.14
DD3646;19.5;34.5;9101.177;25709.756;2203.23;23.47
DD5283;232.5;246;9155.229;25154.414;2169.563;13.01
DD3290;246;259.5;9209.03;25001.059;2127.872;26.96
DD5327;177;189;9032.652;25030.023;2231.411;18.09
DD4889;279;292.5;8872.682;25448.335;2141.834;28.65
DD4016;238.5;252;9104.721;25090.235;2171.899;26.39
DD3866;15;30;8992.797;25752.826;2100.235;26.3
DD3317;257.5;271;8944.601;25164.123;2169.836;18.78
DD4910;216;228;9219.641;24751.242;2187.987;19.68
DD5228B;349.5;361.5;9021.512;24965.037;2117.518;19.02
DD5276;234;246;9149.542;24850.611;2155.046;23.29
DD5326;282;295.5;8969.721;25091.582;2150.908;19.93
DD3317;307;320.5;8968.865;25158.073;2127.125;17.92
DD4910;189;201;9205.31;24750.792;2210.865;20.26
DD5275;211.5;223.5;9254.352;24847.037;2178.989;23.11
DD4013;177;189;9272.895;24796.648;2208.454;26.63
DD3172;186.5;197;9050.763;24996.478;2189.476;22.07
DD5315;3;16.5;9035.538;25340.245;2099.79;17.55
DD3938;12;25.5;9056.252;25387.938;2102.442;12.98
DD3120;213;225;9061.111;25195.929;2169.085;19.4
DD5291;264;274.5;8990.582;25759.809;2138.527;15.36
DD5283;154.5;163.5;9121.323;25151.815;2242.251;24.47
DD4928;49.5;64.5;9063.494;25463.136;2155.462;20.73
DD3170;264;285;9047.796;25597.836;2125.729;21.28
DD5283;195;205.5;9138.946;25153.202;2204.98;23.53
DD3207;175.5;196.5;9113.855;24943.501;2223.758;20.4
DD5327;162;175.5;9040.564;25029.374;2243.245;23.22
DD5287;249;261;8986.194;25297.131;2161.312;24.13
DD5285;163.5;174;8992.814;25261.978;2269.62;22.78
DD5286;183;195;9135.595;25252.968;2215.772;14.75
DD5291;274.5;285;8991.521;25759.82;2128.069;16.39
DD5275;136.5;148.5;9223.723;24847.853;2247.444;17.72
DD4884;121.5;133.5;9190.386;24999.11;2260.645;22.91
DD4887;217.5;229.5;9033.629;25249.369;2181.768;19.96
DD5286;217.5;229.5;9122.013;25253.233;2184.059;15.98
DD5286;279;291;9097.781;25253.791;2127.537;16.24
DD5287;274.5;285;8997.352;25296.444;2139.232;19.31
DM5257;198;207;9088.701;25405.866;2193.545;20.99
DD4928;76.5;97.5;9080.627;25462.966;2130.836;18.08
DD3386;153.5;176;9124.22;25585.007;2250.066;27.31
DD4910;142.5;153;9179.827;24750.131;2250.646;10.58
DD5274;117;127.5;9051.668;24750.007;2253.124;30.82
DD4013;111;123;9246.694;24797.239;2269.011;20.43
DD3207;153;174;9105.309;24949.709;2243.624;20.65
DD3172;156.5;168.5;9050.332;24997.403;2218.708;17.95
DD3120;201;213;9061.308;25195.858;2181.083;23.96
DD4910;172.5;183;9196.046;24750.501;2225.413;23.52
DD4014;151.5;163.5;9253.576;24899.46;2231.413;30.29
DD3120;234;246;9060.766;25196.055;2148.089;19.23
DD3356;216;228;9012.144;25270.633;2181.328;19.13
DD5286;252;264;9108.391;25253.506;2152.363;21.9
DD5287;223.5;235.5;8974.937;25297.565;2184.189;15.87
DD4928;19.5;39;9047.645;25463.294;2178.24;19.16
DD4924B;195;205.5;8976.754;25103.324;2218.389;40.83
DD5233;295.5;306;9130.419;25891.357;2151.396;18.05
DD5294;306;316.5;9086.324;25997.184;2149.127;11.42
DD3835;4.5;18;9081.778;25702.288;2203.811;24.93
DD3135;164;185;9053.736;25697.015;2229.131;17.15
DD4996;55.5;75;9077.806;25903.075;2183.393;21.09
DD3944;0;9;9089.857;25950.474;2204.823;16.03
DD5003;9;21;9096.686;25950.943;2196.088;16.31
DD5003;28.5;45;9114.912;25951.675;2184.243;13.33
DD4948;57;69;9015.09;25750.905;2165.563;19.46
DD5004;64.5;91.5;9089.238;25947.434;2287.288;18.72
DD3861;33;60;9014.469;25693.552;2198.568;7.78
DD3380;185.5;221.5;9131.042;25734.074;2236.199;20.39
DD4976;166.5;199.5;9052.625;25795.113;2233.486;18.02
DD4974;0;37.5;9076.105;25800.392;2185.08;19.19
DD3870;13.5;34.5;9085.133;25552.933;2200.038;19.65
DD3200;119.5;145;9151.691;26001.271;2279.131;6.26
DD5401;114;136.5;8915.515;25281.007;2158.325;14.99
DD3199;149;189.5;9102.624;25289.697;2231.21;19.18
DD5458;220.5;232.5;9133.429;26045.251;2224.825;17.33
DD5466;300;310.5;8978.2;25852.483;2121.936;19.53
DM5255;142.5;151.5;9070.099;25984.66;2265.155;14.68
DD5458;235.5;247.5;9141.383;26044.824;2212.114;15.61
DD3786;0;34.5;9067.968;25554.22;2218.114;18.95
DD5466;312;322.5;8982.016;25852.412;2110.559;16.85
DD3200;214;230.5;9152.042;26001.975;2189.137;22.6
DD3337;201;220.5;9161.402;25200.202;2176.464;19.07
DD3338;110.5;133;9149.55;25401.05;2271.52;22.89
DD3360;130;151;9076.693;25890.892;2293.23;16.59
DD3383;122.5;143.5;8971.913;25543.719;2289.708;13.41
DD3373;105;124.5;9174.844;25791.586;2312.772;20.86
DD3363;189;205.5;9091.655;25689.195;2228.095;21.63
DD4980;37.5;61.5;9104.195;25849.427;2243.437;16.05
DD4900;22.5;42;9031.586;25500.207;2070.436;25.24
DD4902C;241.5;255;9002.241;25035.761;2176.559;19.65
DD3789;57;79.5;8996.894;25695.685;2224.618;25.51
DD4995;76.5;99;9077.434;25903.366;2270.611;13.95
DD4932;39;63;9092.158;25650.395;2256.335;13.52
DD4871;63;88.5;9013.198;25634.814;2227.212;26.38
DD4942;85.5;108;8995.847;25697.579;2136.486;17.61
DD4876;30;52.5;9058.001;25596.527;2061.798;21.86
DD4979;70.5;96;9064.138;25848.584;2291.257;9.45
DD4986;82.5;102;9086.681;25873.767;2293.097;12.45
DD4960;10.5;33;9090.232;25799.786;2216.679;26.31
DD4943;67.5;87;9107.75;25724.239;2273.739;18.7
DD8934;190.5;210;9172.051;25325.203;2229.431;8.27
DD8843;153;169.5;9138.085;25526.605;2254.042;18.95
DD8880;153;165;9048.748;25624.589;2264.67;7.7
DD8922;292.5;309;9128.956;26026.907;2142.79;16.26
DD8919;319.5;333;9127.239;26077.473;2134.087;16.63
DD8912B;360;375;9135.472;26185.79;2103.527;11.81
DD8952B;145.5;159;9060.958;25048.295;2248.341;19.29
DD8952B;196.5;208.5;9083.559;25047.579;2203.466;12.12
DD8939;219;231;9071.296;25223.558;2193.848;12.81
DD4893;63;102;9118.763;25496.345;2228.477;17.8
DD8940;157.5;172.5;9152.961;25228.884;2246.871;10.23
DD8864B;147;157.5;9087.539;25424.299;2260.022;4.35
DD8861;124.5;138;9152.322;25375.337;2255.083;12.58
DD8948;150;162;9158.718;25124.315;2257.123;13.51
DD8947B;135;151.5;9013.397;25120.145;2268.579;14.71
DD8938;160.5;172.5;8955.94;25224.375;2250.865;16.1
DD8941B;138;166.5;8972.898;25204.149;2259.634;13.49
DD8937;151.5;168;9135.684;25276.531;2261.074;16.66
DD8847;145.5;159;9042.047;25445.842;2258.192;18.9
DD8878;250.5;265.5;9092.749;25515.645;2161.087;11.98
DD3266;276;316.5;8950.309;25393.978;2098.258;19.58
DD8921;126;138;9181.744;26049.183;2298.524;17.68
DD8922;229.5;243;9101.951;26026.141;2201.359;9.43
DD8917;247.5;261;9165.053;26130.763;2183.727;11.95
DD8910B;252;265.5;9167.498;26238.135;2190.937;16.25
DD8922;180;192;9080.923;26025.93;2246.997;11.16
DD8928;114;130.5;9049.965;25926.086;2300.063;10.45
DD3391;137;171.5;9102.853;25631.876;2275.426;14.09
DD3403;131;162.5;9026.41;25435.6;2269.221;20.58
DD3865;0;19.5;9024.056;25490.481;2202.284;18.18
DD5290;342;354;9058.688;25682.267;2071.863;6.6
DD3345;192.5;212;9053.335;25499.791;2194.482;24.12
DD5288;141;156;9106.073;25349.458;2258.02;16.69
DD3786;34.5;63;9088.216;25554.22;2242.245;19.35
DD3870;0;13.5;9067.977;25552.933;2201.842;15.59
DD8565;345;354;8845.722;25398.912;2064.784;27.4
DD8550;204;214.5;8855.769;24600.047;2170.495;20.4
DD8817B;112.5;129;9068.621;24400.209;2253.404;16.2
DD8916;214.5;225;9063.232;26122.814;2229.845;11.2
DD8916;283.5;297;9098.691;26121.392;2168.927;13.3
DD8962;118.5;129;9220.505;24652.054;2258.676;16.8
DD8962;130.5;148.5;9226.807;24652.297;2244.243;23.8
DD8962;160.5;169.5;9236.947;24652.71;2220.85;22.8
DD8962;178.5;187.5;9243.989;24652.993;2204.287;18.4
DD4921;337.5;348;8921.744;25157.924;2079.27;33.2
DD5283;216;231;9148.667;25153.875;2183.871;13.1
DD5283;246;258;9160.531;25154.848;2157.976;16
DD3397;262.5;273;9075.285;25059.367;2151.481;18.5
DD5481;6;19.5;8982.041;25304.784;2103.275;21.6
DD4013;123;132;9251.047;24797.125;2259.456;19.5
DD4013;132;144;9255.4;24797.011;2249.902;17.8
DD5450;118.5;127.5;9147.664;24644.534;2267.778;21.2
DD4924B;327;340.5;9049.168;25105.435;2106.27;17.9
DD5485;51;64.5;8961.385;25199.728;2095.895;25.3
DD4015;165;175.5;9121.553;25004.225;2216.752;18.2
DD4015;181.5;198;9125.906;25004.76;2197.752;16.7
DD3172;197;218;9050.885;24995.89;2173.738;21.8
DD4903;213;228;9097.223;25001.753;2171.095;13.8
DD4903;229.5;247.5;9092.138;25001.692;2153.828;22.2
DD3207;228;246;9131.443;24930.722;2177.629;18.5
DD5276;204;222;9139.319;24850.438;2180.035;19.3
DD5472;220;244;9106.492;24850.68;2157.935;17.3
DD3377;360;381;9096.002;25123.51;2086.322;13.6
DD5287;348;357;9030.921;25293.498;2074.759;16.6
DD5287;357;370.5;9036.104;25293.147;2064.78;17.2
DD5287;370.5;382.5;9041.974;25292.752;2053.468;14.1
DD5287;393;409.5;9053.309;25292.012;2031.479;13.5
DD5326;258;273;8955.965;25092.859;2169.608;29.1
DD8943;150;168;9160.033;25174.428;2248.297;16.7
DD8943;177;198;9173.758;25173.522;2223.337;15.3
DD8940;181.5;208.5;9167.683;25229.723;2220.746;12.3
DD8942;172.5;196.5;9168.833;25195.572;2226.462;15.2
DD8942;198;213;9178.631;25195.111;2207.893;12.6
DD8937;201;217.5;9164.003;25275.902;2220.48;14.4
DD8937;217.5;241.5;9175.558;25275.503;2203.855;15.6
DD8927;336;354;9089.31;25914.227;2107.155;23
DD8928;276;292.5;9115.132;25926.376;2151.753;19.6
DD8950;124.5;151.5;9084.72;25077.431;2254.35;19.6
DD8939;282;321;9109.654;25223.431;2127.661;12.7
DD8940;226.5;237;9185.509;25230.19;2188.614;14.9
DD8945B;310.5;324;9121.794;25143.887;2099.489;12.7
DD8952B;250.5;262.5;9107.47;25046.937;2155.053;20.3
DD8956;303;342;8993.362;24949.724;2092.022;20.2
DD8955;153;177;9142.435;24998.343;2225.366;22.2
DD8955;192;220.5;9155.017;24997.334;2186.094;21.3
DD8955;228;241.5;9163.498;24996.37;2158.903;17.7
DD8947B;307.5;325.5;9106.319;25107.954;2122.878;16.8
DD8947B;325.5;340.5;9114.878;25106.755;2108.823;13
DD8964B;118.5;135;9162.742;24600.275;2257.275;16.8
DD8959B;154.5;163.5;9148.6;24751.144;2224.664;16.8
DD5492;42;60;9024.791;25049.912;2112.867;17.5
DD5493;96;109.5;9061.638;24997.227;2066.106;15.2
DD4015;291;310.5;9148.892;25008.675;2089.231;14.8
DD5450;154.5;169.5;9168.51;24644.047;2234.82;14.8
DD5452;178.5;195;9138.208;24802.777;2209.437;14.2
DD4903;297;333;9071.489;25001.224;2080.171;16.5
DD5472;244.5;262.5;9113.42;24850.564;2137.583;19.8
DD5492;4.5;40.5;9009.014;25049.252;2136.591;16.6
DD5492;72;99;9043.656;25050.966;2084.001;17.5
DD8936;213;225;8896.544;25273.767;2220.41;23.3
DD8953;226.5;237;9209.802;25047.189;2179.258;12.7
DD4921;322.5;334.5;8915.437;25157.373;2092.037;18.5
DD5326;355.5;363;9011.498;25087.536;2094.268;22.3
DD3397;328.5;349.5;9104.96;25046.771;2087.953;16.8
DD5282;268.5;285;8958.989;25048.286;2128.738;21.3
DD5493;12;25.5;9025.024;24996.965;2141.705;22.9
DD5279;144;162;9184.906;24947.488;2236.983;21.2
DD5279;198;210;9202.591;24947.151;2189.149;23.8
DD5563C;285;336;9154.807;24910.028;2132.912;19.1
DD5563C;207;240;9102.418;24909.079;2202.363;16.9
DD3312;190;212.5;9193.899;24782.66;2198.156;18.7
DD3314;261;285;8981.244;25570.798;2163.617;16.4
DD3291;225.5;255.5;8985.26;25581.47;2160.52;19.8
DD3170;226.5;244.5;9048.011;25598.299;2164.725;19.5
DD5350;40.5;55.5;9036.016;25339.931;2059.446;27.4
DD5290;247.5;261;9087.897;25679.261;2160.895;12.9
DD5290;271.5;283.5;9080.64;25679.899;2138.816;12.4
DD8952B;304.5;342;9137.079;25045.5;2095.247;19.4
DD8953;151.5;162;9174.964;25049.175;2245.646;24.9
DD8945B;336;351;9132.332;25143.291;2075.454;16.8
MHDDD7917B;492;502.5;8700.032;23604.571;1906.354;41.57
MHDDD7918;313.5;328.5;9011.706;23703.441;2064.365;29.46
MHDDD7918;354;369;9031.884;23703.831;2029.252;26.79
MHDDD7919;150;163.5;8626.29;23802.141;2205.981;23.44
MHDDD7919;627;639;8877.836;23803.784;1801.859;37.6
MHDDD7919;711;721.5;8925.923;23802.574;1733.914;33.38
MHDDD7920;234;246;8665.476;23900.856;2134.819;22.25
MHDDD7920;334.5;348;8711.764;23899.764;2044.779;23.27
MHDDD7920;508.5;520.5;8787.671;23900.829;1889.056;39.85
MHDDD7921;255;267;8978.734;23901.286;2120.061;25.02
MHDDD7921;357;369;9027.013;23902.364;2030.22;19.27
MHDDD7922;294;306;9050.126;23796.774;2085.112;28.16
MHDDD7923;205.5;225;8858.923;23797.428;2157.081;22.08
MHDDD7924;124.5;136.5;8817.198;24001.906;2237.681;36.46
MHDDD7924;288;300;8898.915;24004.624;2096.097;31.68
MHDDD7925;268.5;280.5;8681.379;23999.152;2109.7;29.1
MHDDD7925;330;340.5;8713.667;23999.104;2058.241;41.68
MHDDD7925;420;429;8762.251;23999.386;1983.378;43.35
MHDDD7926;135;147;8690.11;23710.989;2218.315;8.31
MHDDD7927;357;367.5;8816.552;24095.501;2011.738;28.33
MHDDD7928;375;385.5;8835.374;24203.585;1996.557;16.74
MHDDD7928;447;459;8858.187;24204.686;1927.486;22.09
MHDDD7928;627;639;8913.441;24207.801;1756.207;22.39
MHDDD7928;1138.5;1150.5;9050.965;24203.257;1263.665;23.58
MHDDD7929;228;231;8777.834;24301.351;2144.872;23.94
MHDDD7929;924;934.5;9020.232;24306.17;1488.503;36.24
MHDDD7929;1045.5;1062;9061.478;24307.872;1371.047;15.59
MHDDD7935;430.5;442.5;9215.323;23699.381;1964.187;31.13
MHDDD7936;198;211.5;9155.354;24100.247;2178.979;28.26
MHDDD7936;220.5;235.5;9167.337;24100.085;2159.057;24.55
MHDDD7990;430.5;435;8599.8;24045.4;1953.3;59.66
MHDDD7990;442.5;447;8604.3;24045.1;1942.2;35.66
MHDDD7990;447;453;8606.3;24044.9;1937.4;22.91
MHDDD7990;453;459;8608.6;24044.7;1931.8;22.55
MHDDD7990;505.5;511.5;8628.2;24043;1883.1;29.73
MHDDD7990;514.5;520.1;8631.4;24042.7;1875;34.09
MHDDD7992;358.5;367.5;9046.7;23694.7;2027.3;21.23
MHDDD7992;367.5;373.5;9050.4;23694.5;2020.8;26.3
MHDDD7992;393;399;9062.9;23693.7;1998.6;42.74
MHDDD7992;403.5;409.5;9068.1;23693.3;1989.5;26.56
MHDDD7993;235.5;243;8697.8;23902.3;2131.3;32.22
MHDDD7993;277.5;283.5;8715.8;23902.6;2094.2;29.14
MHDDD7993;298.5;304.5;8724.9;23902.8;2075.3;22.61
MHDDD7993;399;406.5;8768.5;23904.2;1983.9;40.06
MHDDD7993;444;450;8787.4;23905;1943.9;24.84
MHDDD7991;207;211.5;8617.4;23996.6;2166.2;41.04
MHDDD7991;297;304.5;8660.9;23994;2085.7;17.73
MHDDD7991;406.5;411;8709.9;23990.5;1989.6;54.25
MHDDD7994;108;114;8980;24228.8;2254.9;21.76
MHDDD7994;145.5;153;8994;24228.8;2219.2;17.5
MHDDD7994;168;174;9001.8;24228.8;2199;16.76
MHDDD7994;211.5;216;9017.2;24228.7;2159.1;24.38
MHDDD7994;288;294;9044.7;24228.3;2086.9;22.14
MHDDD7994;307.5;315;9051.9;24228.1;2068;27.05
MHDDD7994;430.5;439.5;9095.2;24227.7;1952;25.36
MHDDD7995;324;330;8577.3;23756.2;2054.7;22.2
MHDDD7996;315;321;8829.7;24298.7;2063.1;26.22
MHDDD7996;321;327;8831.8;24298.6;2057.5;31.06
MHDDD7996;352.5;358.5;8843.1;24298.1;2028.1;28.63
MHDDD7996;405;411;8861.8;24297.1;1979;22.94
MHDDD7996;453;459;8878.9;24296.2;1934.2;27.1
MHDDD7996;609;615;8933.1;24293.7;1787.9;29.7
MHDDD7996;664.5;670.5;8952;24292.5;1735.7;32.33
MHDDD7996;853.5;859.5;9014.9;24288.4;1557.6;28.18
MHDDD7996;885;891;9025.1;24287.4;1527.8;28.15
MHDDD7996;909;915;9032.9;24286.8;1505.1;32.53
MHDDD7996;915;920;9034.7;24286.7;1499.9;23.07
MHDDD7997;190.5;196.5;9125;24101;2190;28.08
MHDDD7997;199.5;205.5;9129.7;24101.1;2182.3;15.96
MHDDD7997;208.5;214.5;9134.3;24101.3;2174.6;29.26
MHDDD7997;217.5;223.5;9139;24101.5;2166.9;22.54
MHDDD7997;237;243;9149;24101.9;2150.1;22.69
MHDDD7997;264;270;9162.8;24102.5;2126.9;18.9
MHDDD7998;499.5;508.5;8603.4;24256.7;1901.5;35.9
MHDDD7998;519;525;8610.8;24256.9;1885.1;30.74
MHDDD7999;180;186;8859.3;24003.3;2193;48.49
MHDDD7999;186;192;8862.3;24003.4;2187.8;60.87
MHDDD7999;336;340.5;8935.5;24005.4;2057.7;42.08
MHDDD7991;178.5;184.5;8604.1;23997.4;2190.5;30.59
MHDDD7936;270;279;9191.191;24099.732;2119.144;30.19
MHDD0080;189;195;8909.158;24374.246;2185.868;33.92
MHDD0048;292.5;298.5;9259.781;24442.823;2092.54;25.62
MHDD0048;307.5;318;9266.329;24442.385;2076.587;22.05
MHDD0048;318;324;9269.506;24442.184;2068.977;17.5
MHDD0078;142.5;154.5;8888.311;24424.422;2225.942;14.46
MHDD0079;136.5;150;8998.729;24423.706;2231.681;22.4
MHDD0030;171;178.5;8940.85;24472.211;2195.929;18.25
MHDD0030;180;187.5;8942.918;24472.097;2187.17;24.37
MHDD0049;279;288;9327.138;24445.367;2096.878;21.13
MHDD0031;190.5;198;8921.769;24518.519;2177.349;30.25
MHDD0029;310.5;318;9260.028;24469.315;2058.861;22.31
MHDD0033;232.5;240;9232.205;24519.015;2137.733;25.39
MHDD0080;124.5;141;8885.859;24374.982;2240.34;15.6
MHDD0056;144;154.5;9018.254;24547.623;2227.698;20.64
MHDD0056;157.5;165;9022.215;24547.183;2216.38;34.66
MHDD0059;103.5;115.5;9115.421;24568.738;2264.271;18.07
MHDD0059;115.5;123;9118.557;24568.462;2255.043;33.4
MHDD0041;54;66;9132.093;24929.613;2223.49;17.76
MHDD0041;78;87;9138.451;24929.317;2201.909;23.48
MHDD0092;153;160.5;9209.45;24749.091;2221.501;26.81
MHDD0068;124.5;133.5;8989.822;24723.216;2248.831;20.45
MHDD0095;301.5;316.5;9062.737;24751.228;2079.003;27.37
MHDD0090;66;75;9235.127;24990.158;2219.509;18.17
MHDD0090;75;85.5;9230.26;24990.142;2211.061;20.05
MHDD0090;85.5;96;9225.065;24990.077;2201.936;30.04
MHDD0090;102;114;9216.594;24989.992;2186.91;36.75
MHDD0090;115.5;124.5;9210.758;24989.933;2176.424;16.63
MHDD0090;135;145.5;9200.992;24989.705;2158.687;13.04
MHDD0090;145.5;153;9196.658;24989.577;2150.8;15.83
MHDD0090;156;166.5;9190.897;24989.392;2140.275;14.7
MHDD0090;166.5;181.5;9184.795;24989.233;2129.081;28.51
MHDD0089;75;84;9201.51;25057.59;2201.344;11.15
MHDD0089;88.5;97.5;9202.542;25057.391;2187.885;10.08
MHDD0089;106.5;117;9203.915;25057.043;2169.189;15.26
MHDD0089;117;130.5;9204.785;25056.825;2157.222;14.33
MHDD0064;106.5;115.5;9110.487;25036.365;2174.384;21.92
MHDD0064;115.5;123;9112.788;25036.466;2166.462;33.87
MHDD0064;123;133.5;9115.378;25036.578;2157.844;19.2
MHDD0064;142.5;151.5;9120.906;25036.844;2139.93;19.56
MHDD0064;178.5;189;9131.156;25037.307;2104.643;18.42
MHDD0064;226.5;235.5;9144.176;25037.759;2059.226;13.44
MHDD0064;253.5;261;9150.972;25037.978;2033.872;12.45
MHDD0064;264;273;9153.87;25038.018;2023.002;11.4
MHDD0062;225;234;8950.938;25011.71;2079.291;14.28
MHDD0062;258;268.5;8962.303;25011.503;2047.515;15.92
MHDD0062;270;279;8966.049;25011.403;2036.908;17.77
MHDD0043;229.5;237;8963.495;24971.79;2071.467;38.47
MHDD0043;237;243;8965.39;24971.556;2064.993;19.15
MHDD0043;264;276;8973.5;24970.465;2036.131;27.53
MHDD0041;180;190.5;9166.448;24927.988;2103.057;20.56
MHDD0041;190.5;198;9168.849;24927.918;2094.384;14.12
MHDD0041;205.5;216;9173.273;24927.786;2078.488;27.37
MHDD0041;288;300;9195.235;24926.698;1998.195;13.49
MHDD0041;300;307.5;9197.771;24926.587;1988.782;12.6
MHDD0087;130.5;138;9226.572;24399.556;2237.67;17.54
MHDD0081;108;118.5;9315.076;24371.62;2258.953;26.53
MHDD0081;139.5;153;9326.972;24370.575;2228.19;16.41
MHDD0049;120;132;9278.459;24447.851;2246.632;19.91
MHDD0028;124.5;133.5;9098.47;24472.618;2243.61;12.14
MHDD0059;255;262.5;9164.123;24563.791;2123.283;25.99
MHDD0058;144;153;9286.023;24549.86;2221.289;16.4
MHDD0058;256.5;267;9297.427;24549.938;2108.619;22.12
MHDD0082;178.5;189;8907.772;24573.863;2194.841;23.72
MHDD0082;213;225;8918.974;24573.63;2161.419;25.6
MHDD0035;115.5;126;9275.303;24623.766;2251.117;22.76
MHDD0052;214.5;222;9275.112;24599.155;2155.154;19.19
MHDD0036;97.5;106.5;9164.305;24623.821;2270.72;16.6
MHDD0059;316.5;324;9183.777;24561.603;2065.053;31.95
MHDD0057;226.5;235.5;9215.934;24548.468;2143.055;25.24
MHDD0057;237;246;9218.249;24548.338;2132.814;21.11
MHDD0070;120;127.5;9219.168;24598.564;2253.533;12.67
MHDD0037;112.5;123;9043.027;24673.987;2256.422;15.03
MHDD0026;150;162;9165.887;24672.134;2218.905;15.63
MHDD0067;250.5;258;9163.742;24725.725;2124.238;22.04
MHDD0096;168;175.5;8992.362;24963.91;2115.183;15.36
MHDD0096;175.5;187.5;8994.915;24963.889;2105.773;14.33
MHDD0096;192;199.5;8998.625;24963.871;2092.015;11.21
MHDD0096;201;208.5;9000.948;24963.848;2083.32;39.6
MHDD0096;270;277.5;9018.262;24963.384;2016.53;34.18
MHDD0060;195;202.5;8977.615;24990.355;2109.835;24.2
MHDD0060;202.5;210;8980.303;24990.194;2102.835;20.81
MHDD0098;135;142.5;8977.381;25027.862;2148.65;31.65
MHDD0098;142.5;148.5;8979.462;25027.805;2142.229;16.88
MHDD0098;192;198;8994.56;25027.459;2095.089;39.17
MHDD0098;198;207;8996.819;25027.401;2087.938;15.73
MHDD0098;207;217.5;8999.745;25027.319;2078.638;18.75
MHDD0077;166.5;177;8862.692;25345.332;2109.206;34.33
MHDD0068;150;156;8995.628;24722.623;2225.551;21.23
MHDD0038;120;126;9258.725;24672.1;2250.794;18.49
MHDD0038;126;135;9259.663;24671.944;2243.354;15.16
MHDD0038;135;147;9261.099;24671.739;2232.955;13.83
MHDD0041;87;93;9140.553;24929.203;2194.71;15.23
MHDD0041;93;103.5;9142.842;24929.076;2186.785;19.83
MHDD0089;99;106.5;9203.259;25057.208;2178.163;9.17
MHDD0041;16.5;28.5;9121.531;24929.888;2259.47;15.64
MHDD0064;85.5;91.5;9103.824;25036.173;2195.874;18.76
MHDD0064;91.5;100.5;9106.034;25036.209;2188.707;17.86
MHDD0090;189;195;9176.297;24988.989;2113.215;15.55
MHDD0090;195;202.5;9173.13;24988.889;2107.256;42.97
MHDD0090;202.5;213;9168.907;24988.761;2099.308;24.7
MHDD0090;213;226.5;9163.312;24988.568;2088.695;16.5
MHDD0090;226.5;240;9157.046;24988.294;2076.74;20.25
MHDD0064;235.5;243;9146.339;25037.852;2051.265;15.16
MHDD0060;297;303;9013.658;24987.617;2015.263;12.13
MHDD0050;112.5;118.5;8905.949;24499.145;2254.946;12.85
MHDD0041;225;237;9178.667;24927.604;2058.97;13.55
MHDD0039;301.5;310.5;9045.138;24920.365;1986.219;16.39
MHDD0092;298.5;306;9241.984;24748.101;2079.689;20.09
MHDD0092;306;313.5;9243.627;24748.046;2072.371;17.41
MHDD0092;313.5;319.5;9245.104;24747.997;2065.785;25.95
MHDD0092;321;328.5;9246.908;24747.937;2057.735;14.95
MHDD0062;303;316.5;8978.23;25011.096;2003.831;17.8
MHDD0062;331.5;342;8987.316;25011.025;1978.406;17.11
MHDD0052;202.5;214.5;9273.229;24599.172;2164.72;18.94
MHDD0051;219;225;9222.657;24498.078;2152.987;24
MHDD0039;177;184.5;9011.445;24924.547;2106.778;36.51
MHDD0039;184.5;192;9013.52;24924.314;2099.575;34.89
MHDD0039;192;205.5;9016.409;24923.973;2089.486;15.92
MHDD0039;205.5;219;9020.099;24923.517;2076.508;20.97
MHDD0057;261;268.5;9223.311;24548.164;2110.123;16.08
MHDD0053;292.5;306;9155.822;24601.006;2080.496;22.07
MHDD0052;298.5;309;9291.44;24599.253;2071.231;16.31
MHDD0052;309;319.5;9293.439;24599.206;2060.923;22.06
MHDD0092;367.5;375;9257.058;24747.609;2012.358;20.82
MHDD0074;348;355.5;9088.028;24751.028;2027.169;15.63
MHDD0069;312;319.5;9246.084;24689.794;2083.892;20.54
MHDD0075;295.5;300;9279.564;24657.817;2084.13;15.84
MHDD0052;325.5;333;9296.299;24599.09;2046.199;17.82
MHDD0053;147;160.5;9118.757;24599.75;2221.184;25.73
MHDD0052;106.5;117;9253.243;24600.14;2259.374;20.72
MHDD0073;264;270;9292.137;24692.097;2127.878;12.71
MHDD0088;132;138;9100.829;24648.102;2247.03;10.11
MHDD0092;135;147;9205.874;24749.214;2236.839;10.99
MHDD0041;307.5;317;9199.97;24926.522;1980.571;12.61
MHDD0064;211.5;223.5;9140.425;25037.614;2072.194;14.24
MHDD0104;129;145.5;9081.76;24991.506;2139.485;18.18
MHDD0091;105;111;9172.603;24951.659;2174.974;20.38
MHDD0104;150;153;9087.496;24991.281;2126.442;20.45
MHDD0097;250;256;9042.79;24989.05;2050.17;19.78
MHDD0064;162;172.5;9126.59;25037.138;2120.497;19.08
MHDD0043;321;328.5;8988.254;24967.85;1983.475;17.83
MHDD0043;328.5;336;8990.141;24967.412;1976.23;12.94
MHDD0104;103.5;108;9069.038;24992.03;2168.297;16.69
MHDD0068;309;318;9033.123;24717.681;2069.572;15.22
MHDD0038;261;271.5;9276.948;24671.195;2108.718;20.77
MHDD0038;304.5;319.5;9282.756;24670.67;2063.343;18.59
MHDD0036;301.5;310.5;9205.895;24623.91;2071.022;25.57
MHDD0036;250.5;262.5;9196.447;24623.943;2119.61;20.78
MHDD0035;285;295.5;9294.679;24623.775;2082.74;30.63
MHDD0069;378;384;9270.947;24689.553;2023.566;18.04
MHDD0261A;265.5;271.5;8746.621;24368.851;2122.416;24.49
MHDD0309;204;211.5;8922.347;24267.605;2188.393;24.03
MHDD0309;312;321;8987.018;24265.97;2100.986;18.68
MHDD0309;328.5;340.5;8997.787;24265.345;2086.576;14.5
MHDD0304;201;210;9094.193;25953.193;2027.487;8.83
MHDD0304;223.5;235.6;9080.262;25953.035;2007.883;11.64
MHDD0304;210;220.5;9088.545;25953.129;2019.539;9.55
MHDD0310;231;246;9183.671;26372.014;2227.828;18.58
MHDD0272;141;150;9008.065;24776.015;1961.174;16.17
MHDD0264;354;363;8809.566;24467.487;2034.566;13.15
MHDD0282;19.5;30;8997.51;25670.313;2031.095;12.44
MHDD0292;241.5;249;9058.616;26151.271;1985.239;20.3
MHDD0292;249;258;9059.541;26151.302;1977.041;16.86
MHDD0292;186;199.5;9052.718;26151.075;2037.406;18.93
MHDD0292;222;229.5;9056.425;26151.19;2004.615;16.66
MHDD0292;267;276;9061.592;26151.367;1959.158;16.37
MHDD0292;261;267;9060.733;26151.338;1966.609;22.37
MHDD0282;34.5;40.5;8993.686;25668.083;2019.139;11.67
MHDD0282;40.5;49.5;8991.426;25666.793;2012.105;15.9
MHDD0282;66;70.5;8984.447;25662.737;1990.301;19.25
MHDD0291;6;15;9035.308;25825.252;2055.946;11.54
MHDD0291;27;34.5;9025.955;25825.489;2037.987;11.41
MHDD0291;69;75;9007.103;25825.62;2001.298;19.17
MHDD0291;75;82.5;9004.043;25825.643;1995.281;12.65
MHDD0284;133.5;142.5;8980.842;26082.369;2106.289;15.05
MHDD0284;231;237;9009.832;26082.25;2014.771;11.72
MHDD0284;270;280.5;9021.959;26082.225;1975.345;22.53
MHDD0284;280.5;288;9024.589;26082.238;1966.737;14.01
MHDD0284;300;306;9030.044;26082.288;1948.799;16.76
MHDD0287;108;117;9137.169;26027.491;2112.254;7.51
MHDD0287;132;141;9123.62;26027.793;2092.448;10.19
MHDD0287;142.5;153;9117.302;26027.891;2083.139;11.67
MHDD0286;1.5;9;9152.89;26219.827;2217.06;14.75
MHDD0286;22.5;30;9140.603;26219.57;2200.032;10.02
MHDD0286;18;21;9144.545;26219.719;2205.509;14.01
MHDD0286;30;34.5;9137.098;26219.514;2195.164;12.56
MHDD0286;36;42;9133.152;26219.606;2189.688;14.24
MHDD0286;43.5;48;9129.213;26219.558;2184.207;10.08
MHDD0286;63;69;9117.471;26219.251;2167.713;14.61
MHDD0286;72;76.5;9112.708;26219.06;2160.98;12.86
MHDD0289;199.5;205.5;8738.68;24527.729;2141.32;21.15
MHDD0197;130.5;139.5;8808.355;24349.409;2228.053;14.97
MHDD0197;162;169.5;8819.578;24349.295;2199.424;12.74
MHDD0197;178.5;186;8825.554;24349.182;2184.045;11.05
MHDD0289;220.5;226.5;8743.038;24527.952;2120.778;14.06
MHDD0263;94.5;100.5;8754.888;24399.37;2251.861;14.02
MHDD0263;100.5;109.5;8758.15;24399.384;2245.107;12.09
MHDD0264;252;259.5;8756.499;24470.456;2122.499;25.33
MHDD0292;96;103.5;9042.106;26150.457;2129.796;8.78
MHDD0263;225;229.5;8810.847;24399.098;2134.801;12.16
MHDD0263;267;273;8828.957;24398.71;2096.079;22.17
MHDD0263;280.5;286.5;8834.62;24398.57;2083.825;16.97
MHDD0263;328.5;333;8854.6;24397.757;2041.016;15.2
MHDD0306;43.5;51;9120.671;26200.272;2180.037;10.19
MHDD0306;51;55.5;9123.513;26200.208;2174.753;15.13
MHDD0306;57;63;9126.709;26200.151;2168.807;7.92
MHDD0306;73.5;78;9134.083;26199.942;2154.892;11.16
MHDD0306;94.5;99;9143.913;26199.631;2136.338;11.76
MHDD0306;99;106.5;9146.723;26199.54;2131.037;9.31
MHDD0306;112.5;118.5;9152.688;26199.355;2119.77;9.1
MHDD0303;211.5;219;9085.744;25800.899;2001.315;15.69
MHDD0303;250.5;259.5;9062.417;25800.966;1969.132;11.62
MHDD0303;261;265.5;9057.59;25800.959;1962.442;12.83
MHDD0303;270;279;9051.026;25800.985;1953.305;12.77
MHDD0303;289.5;294;9040.992;25801.118;1939.275;12.93
MHDD0303;298.5;304.5;9035.344;25801.119;1931.328;18.16
MHDD0303;306;312;9031.002;25801.095;1925.212;16.51
MHDD0251;106.5;112.5;8858.895;24200.86;2251.95;20.85
MHDD0251;114;118.5;8860.841;24200.912;2245.487;18.11
MHDD0251;186;192;8881.875;24201.6;2175.848;21.54
MHDD0253;130.5;138;8839.121;24250.801;2236.701;17.17
MHDD0253;174;181.5;8858.179;24251.034;2197.599;20.02
MHDD0253;274.5;282;8902.909;24252.135;2107.611;16.21
MHDD0256;78;84;8936.753;24299.085;2263.215;24.23
MHDD0256;147;154.5;8957.863;24298.274;2196.741;20.59
MHDD0266;153;159;8930.563;24627.445;2054.387;13.68
MHDD0266;177;183;8924.209;24627.843;2031.246;14.94
MHDD0198;118.5;124.5;9152.766;24355.446;2230.672;19.37
MHDD0198;124.5;132;9155.745;24355.58;2224.617;15.19
MHDD0198;180;189;9180.714;24356.306;2174.219;24.99
MHDD0198;217.5;226.5;9197.462;24356.766;2140.671;15.33
MHDD0248;139.5;147;8807.414;24174.927;2217.905;27.23
MHDD0308;240;246;8958.077;26002.033;2029.32;13.68
MHDD0308;246;252;8960.428;26002.092;2023.8;14.71
MHDD0308;255;259.5;8963.652;26002.106;2016.206;14.27
MHDD0308;330;334.5;8992.698;26002.844;1947.064;14.91
MHDD0308;339;343.5;8996.123;26002.921;1938.742;14.15
MHDD0308;343.5;348;8997.83;26002.977;1934.578;19.72
MHDD0308;202.5;205.5;8942.652;26001.84;2065.139;13.29
MHDD0308;309;313.5;8984.644;26002.644;1966.457;11.93
MHDD0308;324;330;8990.693;26002.803;1951.916;13.43
MHDD0252;124.5;133.5;9103.688;24222.969;2214.163;16.7
MHDD0200;358.5;367.5;8838.705;24444.829;2030.691;21.79
MHDD0200;160.5;169.5;8757.821;24449.131;2211.362;13.1
MHDD0200;222;231;8782.826;24447.944;2155.188;25.94
MHDD0200;231;240;8786.526;24447.726;2146.987;22.35
MHDD0200;246;253.5;8792.371;24447.333;2133.997;19.33
MHDD0200;319.5;325.5;8822.176;24445.702;2067.654;25.07
MHDD0200;328.5;334.5;8825.859;24445.511;2059.444;25.03
MHDD0288;340.5;346.5;8822.704;24427.306;2028.489;23.01
MHDD0288;348;357;8825.491;24427.396;2019.932;22.85
MHDD0283A;277.5;288;8964.817;25925.505;2046.141;13.96
MHDD0283A;313.5;319.5;8987.92;25925.161;2021.542;21.83
MHDD0283A;363;370.5;9022.445;25924.554;1985.037;17.51
MHDD0283A;370.5;378;9027.628;25924.428;1979.617;15.63
MHDD0283A;379.5;387;9033.841;25924.226;1973.109;16.45
MHDD0283A;387;396;9039.528;25923.95;1967.139;12.14
MHDD0283A;397.5;408;9047.278;25923.622;1958.991;9.94
MHDD0283A;408;415.5;9053.483;25923.502;1952.474;13.7
MHDD0283A;415.5;423;9058.647;25923.456;1947.035;11.55
MHDD0288;130.5;136.5;8757.574;24425.382;2228.123;12.15
MHDD0288;139.5;147;8760.629;24425.475;2218.864;17.14
MHDD0288;280.5;286.5;8804.128;24426.629;2085.536;17.75
MHDD0288;327;333;8818.528;24427.158;2041.326;22.21
MHDD0268;328.5;336;9047.407;24676.31;1915.064;22.15
MHDD0268;336;343.5;9051.023;24676.315;1908.493;17.51
MHDD0268;370.5;378;9067.671;24676.056;1878.277;17.9
MHDD0266;192;199.5;8920.06;24628.057;2016.055;15.49
MHDD0229;154.5;163.5;8779.563;23925.581;2200.132;21.81
MHDD0229;201;210;8797.831;23925.162;2157.374;19.43
MHDD0229;244.5;252;8815.164;23924.184;2118.308;13.74
MHDD0227;169.5;175.5;8920.069;23901.01;2191.71;23.21
MHDD0227;175.5;183;8923.008;23901.075;2185.634;15.12
MHDD0289;166.5;172.5;8731.821;24527.272;2173.596;27.03
MHDD0241;259.5;267;9008.518;24074.246;2105.212;19.21
MHDD0198;267;273;9219.154;24357.531;2097.86;18.98
MHDD0197;304.5;312;8869.958;24349.629;2066.131;14.89
MHDD0258A;306;310.5;8667.035;24313.092;2076.635;27.58
MHDD0305;130.5;135;9037.145;26200.538;2099.925;24.84
MHDD0287;169.5;177;9102.987;26028.135;2062.038;16.93
MHDD0284;217.5;220.5;9005.364;26082.263;2029.09;15.98
MHDD0284;310.5;315;9032.859;26082.279;1939.464;20.66
MHDD0284;319.5;322.5;9035.226;26082.284;1931.561;15.94
MHDD0308;234;237;8955.128;26001.97;2036.216;14.82
MHDD0308;237;240;8956.311;26001.992;2033.459;12.03
MHDD0287;159;169.5;9108.044;26028.052;2069.483;8.35
MHDD0236;181.5;187.5;8959.98;23997.936;2180.261;23.04
MHDD0282;129;135;8965.303;25651.467;1930.548;19.28
MHDD0286;9;13.5;9149.375;26219.78;2212.197;22.38
MHDD0286;58.5;61.5;9120.927;26219.433;2172.615;18.04
MHDD0286;141;144;9073.354;26218.06;2105.232;14.11
MHDD0305;25.5;28.5;9078.095;26200.116;2197.422;15.03
MHDD0305;48;51;9069.376;26200.23;2176.681;17.5
MHDD0305;64.5;67.5;9062.98;26200.327;2161.471;23.86
MHDD0284;124.5;130.5;8977.582;26082.385;2116.27;22.61
MHDD0272;153;159;9011.49;24775.918;1951.248;17.67
MHDD0287;79.5;87;9153.816;26026.939;2136.298;14.88
MHDD0251;172.5;177;8877.757;24201.427;2189.489;18.07
MHDD0306;78;82.5;9136.188;26199.911;2150.915;13.25
MHDD0306;84;87;9138.644;26199.808;2146.276;10.01
MHDD0306;91.5;94.5;9142.156;26199.681;2139.65;12.89
MHDD0306;106.5;111;9149.529;26199.436;2125.735;13.53
MHDD0197;255;261;8852.399;24349.463;2113.214;17.99
MHDD0259;304.5;312;8933.049;24319.965;2060.843;20.97
MHDD0198;202.5;208.5;9190.092;24356.682;2155.433;20.25
MHDD0259;238.5;244.5;8912.167;24321.388;2124.226;17.61
MHDD0284;196.5;199.5;8999.07;26082.345;2049.125;23.01
MHDD0287;153;159;9112.676;26027.976;2076.309;11.14
MHDD0291;3;6;9038.108;25825.168;2061.252;14.21
MHDD0291;15;18;9032.537;25825.339;2050.625;13.66
MHDD0282;49.5;52.5;8989.616;25665.766;2006.477;15.67
MHDD0282;57;60;8987.36;25664.471;1999.443;12.37
MHDD0303;229.5;234;9076.056;25801.077;1987.96;14.92
MHDD0303;243;247.5;9068.134;25800.968;1977.03;14.35
MHDD0283A;324;330;8995.104;25925.052;2013.885;14.64
MHDD0283A;340.5;346.5;9006.418;25924.882;2001.877;16.44
MHDD0283A;348;354;9011.581;25924.772;1996.438;17.65
MHDD0250;121.5;124.5;8655.017;24198.726;2239.37;21.28
MHDD0289;178.5;186;8734.473;24527.444;2161.126;29.8
MHDD0308;129;132;8912.954;26001.397;2132.369;11.86
MHDD0306;87;91.5;9140.399;26199.735;2142.963;14.01
MHDD0287;177;184.5;9098.779;26028.216;2055.83;12.71
MHDD0218;141;147;8741.088;23874.012;2208.138;9.79
MHDD0234A;235.5;243;8988.968;23972.391;2137.085;24.47
MHDD0234A;243;252;8992.765;23972.262;2129.762;28.65
MHDD0193;210;214.5;8765.762;24075.798;2166.192;16.04
MHDD0241;226.5;232.5;8997.172;24074.803;2136.993;18.42
MHDD0243;234;240;8836.214;24101.833;2127.515;18.4
MHDD0243;247.5;255;8841.025;24101.627;2114.103;16.87
MHDD0244;294;297;8641.06;24123.929;2077.261;25.85
MHDD0272;160.5;166.5;9013.939;24775.825;1944.16;20.99
MHDD0272;228;234;9035.75;24775.16;1880.285;12.49
MHDD0195;189;195;9159.127;24129.376;2182.39;17.79
MHDD0195;235.5;243;9179.264;24130.655;2139.665;14.65
MHDD0195;246;253.5;9183.725;24130.856;2130.162;12.49
MHDD0195;183;189;9156.556;24129.259;2187.81;17.58
MHDD0195;195;202.5;9162.016;24129.48;2176.29;30.12
MHDD0195;214.5;222;9170.338;24130.014;2158.663;34.46
MHDD0195;228;234;9175.761;24130.412;2147.131;20
MHDD0243;267;273;8847.425;24101.442;2096.481;12.62
MHDD0415;369;375;8785.346;24047.143;2021.302;12.42
MHDD0421;376.5;387;8793.115;24318.93;2002.252;14.24
MHDD0419;330;337.5;8913.725;24031.087;2052.756;20.39
MHDD0421;358.5;367.5;8786.483;24319.368;2019.785;20.27
MHDD0422;346.5;355.5;8884.988;24247.746;2036.514;13.55
MHDD0422;333;342;8879.561;24247.899;2048.874;14.82
MHDD0415;345;354;8774.803;24047.272;2041.178;11.04
MHDD0415;354;364.5;8779.363;24047.205;2032.561;14.42
MHDD0416;384;387;8775.509;24114.231;1989.418;13.8
MHDD0416;388.5;394.5;8777.709;24114.029;1983.84;32.82
MHDD0426;184.5;187.5;9108.006;24519.509;1893.974;19.94
MHDD0415;339;345;8771.303;24047.357;2047.811;15.29
MHDD0419;348;354;8918.981;24025.773;2037.209;28.5
MHDD0437;229.5;235.5;9047.871;24559.356;1867.693;36.18
MHDD0437;235.5;243;9050.986;24556.85;1862.254;17.51
MHDD0405;217.5;223.5;9061.528;24624.24;1860.012;19.81
MHDD0416;294;297;8742.645;24117.233;2073.149;25.01
MHDD0416;297;300;8743.736;24117.138;2070.357;18.04
MHDD0423;220.5;228;8934.987;24174.008;2144.122;26.47
MHDD0423;250.5;256.5;8944.375;24173.446;2116.425;40.76
MHDD0420;349.5;358.5;8719.181;24438.453;2057.206;16.24
MHDD0404;166.5;172.5;9007.721;24662.656;1909.961;12.37
MHDD0405;136.5;144;9023.477;24624.826;1930.664;24.45
MHDD0405;196.5;202.5;9051.551;24624.478;1878.49;14.69
MHDD0404;181.5;189;9015.873;24662.68;1896.485;19.9
MHDD0404;199.5;207;9025.192;24662.58;1881.086;16.91
MHDD0422;313.5;319.5;8871.098;24248.095;2068.092;19.27
MHDD0422;325.5;331.5;8875.938;24247.998;2057.112;26.26
MHDD0423;292.5;298.5;8957.948;24172.72;2076.685;23.22
MHDD0423;300;306;8960.373;24172.572;2069.59;18.96
MHDD0437;195;201;9031.987;24572.199;1895.496;16.76
MHDD0437;210;216;9038.882;24566.607;1883.405;18.79
MHDD0416;411;417;8785.958;24113.324;1962.919;17.09
MHDD0416;394.5;400.5;8779.911;24113.862;1978.261;34.08
MHDD0416;457.5;463.5;8803.01;24111.722;1919.688;20.89
MHDD0415;384;390;8792.419;24046.976;2008.075;14.79
MHDD0415;438;444;8817.962;24046.19;1960.505;19.2
MHDD0437;202.5;208.5;9035.434;24569.402;1889.45;18.64
MHDD0415;525;531;8859.372;24044.437;1884.014;16.35
MHDD0416;463.5;471;8805.478;24111.481;1913.41;24.12
MHDD0416;475.5;481.5;8809.588;24111.111;1902.944;17.85
MHDD0416;522;528;8826.565;24109.496;1859.684;19.46
MHDD0416;529.5;535.5;8829.296;24109.23;1852.705;19
MHDD0416;538.5;544.5;8832.567;24108.902;1844.326;20.75
MHDD0423;472.5;480;9016.357;24168.312;1905.692;17.49
MHDD0426;195;199.5;9111.965;24515.728;1884.145;17.37
MHDD0426;202.5;207;9114.617;24513.223;1877.592;19.02
MHDD0426;207;211.5;9116.205;24511.717;1873.66;30.15
MHDD0413;180;187.5;8561.307;24497.839;2198.747;23.17
MHDD0413;187.5;193.5;8564.355;24497.695;2192.726;18.75
MHDD0413;216;222;8577.169;24497.232;2167.275;27.4
MHDD0409;289.5;295.5;8627.913;24550.637;2142.35;29.77
MHDD0245;315;321;9146.751;24123.578;2068.482;29.95
MHDD0245;321;328.5;9149.672;24123.491;2062.397;25.72
MHDD0227;241.5;247.5;8951.397;23901.904;2126.89;24.43
MHDD0227;264;270;8961.127;23902.129;2106.604;22.64
MHDD0227;286.5;292.5;8970.856;23902.343;2086.318;20.97
MHDD0227;328.5;334.5;8989.084;23902.842;2048.483;16.28
MHDD0227;334.5;340.5;8991.695;23902.881;2043.081;21.2
MHDD0217;235.5;243;8840.499;23824.705;2137.124;18.7
MHDD0217;301.5;307.5;8873.375;23825.73;2080.773;20.94
MHDD0217;316.5;322.5;8880.876;23825.9;2067.785;31.82
MHDD0229;255;261;8819.19;23923.969;2109.431;21.64
MHDD0229;306;312;8840.582;23922.26;2063.168;12.25
MHDD0229;318;324;8845.687;23921.781;2052.319;19.28
MHDD0229;333;339;8852.094;23921.115;2038.772;26.81
MHDD0198;342;348;9253.864;24358.185;2031.381;23.04
MHDD0268;381;387;9072.375;24675.936;1869.738;15.53
MHDD0217;228;235.5;8836.671;23824.68;2143.574;17.6
MHDD0211;355.5;361.5;8824.275;24236.745;2024.601;23.05
MHDD0260;301.5;304.5;9251.887;24316.11;2048.904;19.36
MHDD0260;321;325.5;9257.55;24315.604;2029.469;21.45
MHDD0211;445.5;451.5;8860.117;24230.231;1942.308;17.78
MHDD0197;400.5;406.5;8904.556;24349.538;1977.39;15.19
MHDD0197;427.5;433.5;8914.723;24349.393;1952.378;23.31
MHDD0197;454.5;460.5;8925.125;24349.269;1927.463;13.63
MHDD0200;454.5;462;8877.078;24442.152;1943.555;14.51
MHDD0200;463.5;469.5;8880.378;24441.928;1935.997;20.01
MHDD0200;475.5;481.5;8885.185;24441.573;1925.008;15.84
MHDD0193;369;373.5;8843.73;24074.045;2027.635;14.26
MHDD0193;373.5;379.5;8846.318;24074.012;2023.067;17.6
MHDD0243;351;358.5;8877.449;24100.683;2017.235;21.06
MHDD0243;382.5;388.5;8888.9;24100.268;1988.7;21.65
MHDD0246;399;405;8890.531;24148.209;1975.815;15.61
MHDD0250;355.5;358.5;8734.442;24193.776;2019.323;15.1
MHDD0250;388.5;391.5;8745.786;24193.135;1988.341;19.93
MHDD0229;348;354;8858.563;23920.401;2025.258;13.07
MHDD0193;441;445.5;8879.322;24072.778;1965.062;19.92
MHDD0193;445.5;451.5;8881.932;24072.704;1960.507;18.44
MHDD0193;457.5;462;8887.524;24072.484;1950.748;17.48
MHDD0193;484.5;487.5;8900.55;24071.818;1927.968;20.47
MHDD0243;447;453;8913.843;24099.523;1929.225;16.16
MHDD0245;375;385.5;9173.8;24122.804;2012.421;13.45
MHDD0245;387;394.5;9178.382;24122.704;2002.974;22.69
MHDD0244;367.5;372;8668.529;24121.847;2008.312;38.45
MHDD0244;414;417;8685.462;24120.51;1965.833;17.76
MHDD0244;420;424.5;8687.948;24120.308;1959.56;18.19
MHDD0234A;379.5;385.5;9054.136;23970.673;2009.533;20.02
MHDD0241;361.5;369;9042.363;24071.609;2009.029;13.79
MHDD0227;358.5;364.5;9002.121;23903.192;2021.466;15.5
MHDD0194;436.5;442.5;8920.624;24130.129;1952.606;19.92
MHDD0194;466.5;472.5;8934.285;24130.209;1925.898;16.88
MHDD0248;312;318;8859.099;24170.392;2054.195;14.5
MHDD0194;474;480;8937.74;24130.177;1919.241;24.75
MHDD0227;379.5;385.5;9011.236;23903.526;2002.55;17.8
MHDD0248;358.5;364.5;8873.481;24168.283;2010.025;15.72
MHDD0248;400.5;408;8886.69;24165.944;1969.435;15.09
MHDD0309;463.5;469.5;9078.23;24258.816;1982.143;15.26
MHDD0309;492;499.5;9096.501;24257.215;1959.358;15.21
MHDD0309;501;508.5;9102.178;24256.756;1952.39;17.18
MHDD0309;510;517;9107.69;24256.239;1945.614;11.01
MHDD0210;429;435;8838.963;24221.679;1981.696;14.74
MHDD0210;436.5;442.5;8842.885;24221.474;1975.307;15.56
MHDD0210;462;468;8856.31;24220.955;1953.633;14.69
MHDD0253;400.5;406.5;8960.924;24252.39;1996.617;14.54
MHDD0255;340.5;346.5;8734.521;24300.761;2042.405;17.73
MHDD0255;376.5;382.5;8748.858;24300.327;2009.387;16.15
MHDD0261A;390;396;8804.2;24365.009;2012.1;11.99
MHDD0261A;397.5;403.5;8807.668;24364.744;2005.456;10.04
MHDD0261A;460.5;466.5;8836.935;24362.464;1949.713;17.82
MHDD0263;420;424.5;8893.539;24395.664;1958.242;13.97
MHDD0263;427.5;433.5;8897.046;24395.417;1950.778;16.23
MHDD0259;412.5;418.5;8966.49;24317.477;1958.97;8.99
MHDD0253;486;493.5;9003.374;24252.242;1921.542;25.48
MHDD0257;331.5;337.5;9134.86;24296.995;2013.845;20.37
MHDD0259;366;372;8952.012;24318.582;2003.145;13.85
MHDD0259;379.5;385.5;8956.229;24318.294;1990.324;15.73
MHDD0259;391.5;397.5;8959.972;24317.988;1978.927;15.28
MHDD0193;514.5;520.5;8916.173;24070.966;1900.628;12.41
MHDD0193;520.5;525;8918.775;24070.815;1896.071;18.43
MHDD0193;526.5;531;8921.746;24070.609;1890.862;17.23
MHDD0193;531;534;8923.597;24070.474;1887.604;18.02
MHDD0197;525;532.5;8953.526;24348.31;1862.128;19.01
MHDD0227;408;414;9023.616;23903.9;1976.882;19.32
MHDD0215;229.5;237;8501.429;24547.319;2167.918;14.93
MHDD0198;363;369;9263.755;24358.377;2012.857;12.83
MHDD0245;403.5;409.5;9185.224;24122.453;1988.79;10.5
MHDD0217;385.5;391.5;8915.114;23826.561;2007.883;15.22
MHDD0243;468;474;8922.179;24099.365;1909.951;12.02
MHDD0243;474;480;8924.589;24099.355;1904.456;9.63
MHDD0210;556.5;565.5;8907.185;24219.151;1872.245;15.33
MHDD0211;489;495;8878.257;24226.568;1902.942;15.36
MHDD0253;493.5;499.5;9006.772;24252.234;1915.71;14.14
MHDD0215;172.5;178.5;8470.681;24548.674;2216.781;13.52
MHDD0263;526.5;532.5;8939.214;24392.789;1861.248;16.4
MHDD0249;421.5;429;9152.833;24174.47;1958.964;17.15
MHDD0252;403.5;412.5;9155.836;24216.659;1940.159;19.28
MHDD0211;531;537;8896.255;24222.602;1865.202;13.95
MHDD0211;538.5;544.5;8899.503;24221.889;1858.479;12.92
MHDD0206;316.5;323;9381.413;24277.62;2051.869;22.96
MHDD0419;450;456;8949.715;23993.993;1945.289;16.96
MHDD0452;286.5;292.5;8780.821;24002.892;2071.277;8.94
MHDD0452;294;301.5;8782.457;24001.439;2063.323;10.64
MHDD0452;333;339;8789.914;23994.595;2026.436;16.5
MHDD0452;364.5;370.5;8796.043;23988.864;1996.075;13.81
MHDD0438;336;339;9000.266;24091.429;2032.723;14.15
MHDD0438;375;379.5;9012.104;24089.928;1994.807;18.28
MHDD0438;382.5;387;9014.337;24089.653;1987.652;18.98
MHDD0435;385.5;388.5;9071.058;24122.195;1986.204;14.17
MHDD0438;394.5;400.5;9018.14;24089.179;1975.492;14.09
MHDD0438;403.5;406.5;9020.374;24088.89;1968.338;10.68
MHDD0438;414;418.5;9023.708;24088.436;1957.603;16
MHDD0438;420;424.5;9025.481;24088.188;1951.876;13.31
MHDD0435;379.5;382.5;9069.221;24122.256;1991.916;21.8
MHDD0435;396;399;9074.273;24122.088;1976.209;15.55
MHDD0214;141;150;8438.375;24571.334;2246.066;11.94
MHDD0214;244.5;250.5;8490.368;24568.164;2158.372;23.42
MHDD0214;252;259.5;8494.531;24567.853;2151.256;16.69
MHDD0214;234;241.5;8485.449;24568.569;2166.781;19.32
MHDD0214;211.5;217.5;8473.656;24569.378;2186.801;15.25
MHDD0195;415.5;421.5;9254.922;24134.759;1977.219;16.37
MHDD0444;471;477;8845.744;24167.205;1912.729;12.54
MHDD0442;388.5;394.5;8967.604;24088.525;1989.915;15.57
MHDD0475;318;324;8817.248;23969.413;2057.557;12.77
MHDD0449;306;309;8974.29;24017.673;2066.891;21.37
MHDD0424;361.5;369;9096.281;24138.756;2022.517;15.02
MHDD0442;417;426;8978.692;24087.405;1962.061;12.01
MHDD0449;318;321;8978.659;24016.451;2055.782;13.4
MHDD0449;322.5;327;8980.577;24015.943;2050.922;11.29
MHDD0479;268.5;276;8916.527;23921.421;2099.665;7.67
MHDD0478;240;247.5;8943.819;23875.383;2120.34;11.7
MHDD0478;276;282;8957.02;23875.251;2087.656;12
MHDD0479;342;348;8946.499;23919.774;2033.397;11.22
MHDD0450;327;334.5;8770.119;24028.886;2027.963;13.56
MHDD0476;339;346.5;8686.214;24023.728;2025.475;10.99
MHDD0456;192;196.5;9217.543;24286.36;2043.329;19.29
MHDD0480;235.5;238.5;9154.38;24072.652;2140.141;9
MHDD0480;238.5;244.5;9156.298;24072.587;2136.07;10.92
MHDD0480;244.5;247.5;9158.217;24072.496;2132.001;11.06
MHDD0479;361.5;367.5;8954.578;23919.209;2015.659;16.95
MHDD0478;231;238.5;8940.445;23875.363;2128.684;10.49
MHDD0408;195;204;9056.484;24610.344;1870.814;12.58
MHDD0408;205.5;211.5;9060.01;24610.204;1862.535;13.29
MHDD0486;354;361.5;8636.434;24052.389;2019.525;13.88
MHDD0465;403.5;411;8731.587;24083.914;1976.15;18.73
MHDD0465;388.5;394.5;8727.382;24087.657;1990.859;15.14
MHDD0465;435;441;8739.743;24076.627;1947.411;12.55
MHDD0465;448.5;454.5;8743.29;24073.451;1934.778;10.13
MHDD0476;346.5;352.5;8688.517;24023.68;2019.13;12.46
MHDD0476;421.5;427.5;8714.082;24022.434;1948.633;13.02
MHDD0476;433.5;439.5;8718.166;24022.232;1937.351;10.69
MHDD0476;445.5;451.5;8722.241;24022.013;1926.066;14.63
MHDD0485;453;462;8786.477;23934.932;1944.028;15.18
MHDD0468;357;361.5;8915.496;23950.1;2020.819;18.44
MHDD0468;367.5;370.5;8919.536;23950.073;2011.946;20.17
MHDD0468;412.5;417;8938.494;23950.251;1970.309;18.69
MHDD0468;432;439;8947.112;23950.233;1951.434;15.77
MHDD0485;444;451.5;8781.823;23935.904;1952.54;15.23
MHDD0480;252;255;9161.416;24072.359;2125.219;12.6
MHDD0480;255;259.5;9163.016;24072.298;2121.828;10.09
MHDD0480;262.5;265.5;9165.9;24072.186;2115.726;9.18
MHDD0480;267;273;9168.466;24072.085;2110.304;13.85
MHDD0480;280.5;283.5;9173.623;24071.924;2099.469;14.05
MHDD0480;288;291;9176.841;24071.794;2092.696;12.11
MHDD0480;294;300;9180.068;24071.678;2085.927;15.56
MHDD0450;357;364.5;8774.455;24024.665;1998.579;14.85
MHDD0450;366;373.5;8775.724;24023.401;1989.759;11.83
MHDD0450;343.5;349.5;8772.405;24026.661;2012.539;7.4
MHDD0450;349.5;355.5;8773.274;24025.824;2006.662;12.07
MHDD0450;391.5;397.5;8779.214;24020.024;1965.491;12.4
MHDD0450;408;414;8781.53;24017.787;1949.308;9.57
MHDD0480;378;381;9215.861;24070.657;2011.603;13.86
MHDD0480;387;391.5;9220.123;24070.532;2002.835;12.9
MHDD0480;411;415.5;9230.665;24070.33;1981.277;9.95
MHDD0438;430.5;433.5;9028.363;24087.778;1942.571;16.25
MHDD0456;255;258;9236.176;24268.846;1986.575;17.08
MHDD0432;165;174;8543.622;24503.872;2175.539;14.69
MHDD0482;352.5;358.5;9062.647;23829.304;2038.628;10.5
MHDD0482;373.5;379.5;9073.204;23829.765;2020.481;14.09
MHDD0482;381;387;9076.994;23829.874;2014.01;10.89
MHDD0488;429;435;8973.732;23899.347;1979.303;15.73
MHDD0432;154.5;160.5;8541.258;24506.154;2187.081;12.37
MHDD0410;139.5;145.5;8506.298;24607.488;2208.563;11.82
MHDD0472;181.5;187.5;9305.318;24450.593;2026.895;14.41
MHDD0472;211.5;217.5;9293.23;24451.022;1999.443;11.97
MHDD0472;225;231;9287.816;24451.222;1987.077;10.23
MHDD0472;246;252;9279.395;24451.613;1967.844;14
MHDD0472;262.5;270;9272.49;24451.766;1952.037;19.34
MHDD0472;187.5;193.5;9302.892;24450.605;2021.408;10.71
MHDD0472;195;201;9299.866;24450.734;2014.547;11.64
MHDD0498;462;465;8831.345;23913.908;1921.888;18.18
MHDD0498;465;468;8832.565;23913.803;1919.149;16.09
MHDD0482;342;348;9057.372;23829.119;2047.705;22.66
MHDD0499;313.5;319.5;9043.083;23870.764;2053.425;14.59
MHDD0499;325.5;331.5;9047.573;23870.611;2042.298;8.69
MHDD0476;454.5;460.5;8725.293;24021.845;1917.601;12.63
MHDD0480;337.5;342;9198.513;24071.155;2047.364;12.48
MHDD0445;469.5;477;8811.311;24128.952;1917.594;10.12
MHDD0445;484.5;490.5;8816.785;24128.346;1904.452;15.69
MHDD0445;514.5;520.5;8828.403;24127.12;1876.82;11.86
MHDD0445;541.5;547.5;8838.937;24126.07;1851.982;14.55
MHDD0445;547.5;553.5;8841.273;24125.82;1846.461;16.58
MHDD0443;472.5;478.5;8970.574;24132.092;1904.999;12.93
MHDD0444;496.5;504;8855.097;24166.407;1888.215;10.04
MHDD0444;504;510;8857.495;24166.156;1881.911;16.14
MHDD0439;505.5;511.5;8947.253;24214.686;1905.708;15.17
MHDD0439;522;528;8954.556;24213.976;1890.929;13.29
MHDD0455;187.5;193.5;9316.469;24319.931;2043.573;10.07
MHDD0480;330;334.5;9195.265;24071.264;2054.124;9.87
MHDD0212;534;540;8866.477;24270.471;1884.994;13.39
MHDD0210;517.5;523.5;8885.621;24219.902;1906.517;15.44
MHDD0194;481.5;487.5;8941.211;24130.146;1912.592;11.44
MHDD0218;442.5;450;8830.285;23869.538;1919.39;14.41
MHDD0218;453;460.5;8833.455;23869.214;1909.385;16.71
MHDD0522;388.5;394.5;8905.095;23646.929;1975.309;15.9
MHDD0522;411;417;8910.914;23641.085;1954.375;15.64
MHDD0499;337.5;343.5;9052.065;23870.476;2031.171;8.54
MHDD0499;348;354;9056.009;23870.267;2021.442;10.79
MHDD0473;333;339;9209.19;24087.969;2030.146;13.98
MHDD0499;358.5;366;9060.226;23870.151;2011.014;12.86
MHDD0480;349.5;352.5;9203.414;24071.012;2037.239;15.69
MHDD0473;382.5;388.5;9219.9;24078.087;1982.84;14.41
MHDD0455;199.5;204;9321.064;24317.342;2033.641;11.09
MHDD0406;211.5;217.5;8518.357;24535.207;2191.82;15.69
MHDD0483;352.5;358.5;9031.208;23853.79;2037.9;13.02
MHDD0483;358.5;361.5;9033.523;23853.765;2034.042;17.05
MHDD0483;364.5;369;9036.97;23853.724;2028.238;12.27
MHDD0483;372;375;9040.417;23853.68;2022.435;14.26
MHDD0483;381;384;9045.014;23853.615;2014.698;11.45
MHDD0483;387;390;9048.08;23853.566;2009.541;11.36
MHDD0483;393;399;9051.927;23853.501;2003.102;11.18
MHDD0483;399;402;9054.236;23853.461;1999.241;10.14
MHDD0483;403.5;408;9056.929;23853.411;1994.734;9.9
MHDD0419;489;495;8961.726;23981.918;1910.205;10.32
MHDD0419;514.5;520.5;8969.57;23973.922;1887.297;13.36
MHDD0444;556.5;562.5;8876.077;24164.252;1832.846;18.48
MHDD0451;385.5;393;8646.497;24158.956;1988.626;15.31
MHDD0423;490.5;498;9022.204;24167.736;1888.677;10.61
MHDD0423;499.5;505.5;9024.878;24167.457;1880.878;13.5
MHDD0417;382.5;390;8693.004;24223.079;1995.765;14.32
MHDD0417;402;408;8699.736;24222.669;1978.27;14
MHDD0418;373.5;379.5;8661.207;24271.382;2017.558;15.97
MHDD0436;393;400.5;8771.917;24341.388;1983.746;13.49
MHDD0508;378;384.1;9117.012;24344.766;1883.519;12.4
MHDD0418;411;417;8677.358;24270.935;1983.718;13.64
MHDD0418;396;402;8670.902;24271.122;1997.256;16.72
MHDD0418;402;409.5;8673.808;24271.037;1991.164;10.8
MHDD0418;379.5;385.5;8663.793;24271.303;2012.145;11.06
MHDD0440;358.5;364.5;8708.051;24371.266;2038.544;12.04
MHDD0440;417;424.5;8735.31;24370.994;1985.937;12.99
MHDD0466;390;396;8614.124;24379.01;1992.622;18.88
MHDD0490;217.5;225;9194.897;24406.244;1926.593;11.67
MHDD0414;397.5;403.5;8752.847;24425.28;2002.721;11.36
MHDD0414;420;426;8762.858;24425.181;1982.572;19.35
MHDD0471;444;450;9011.326;24430.291;1851.785;11.02
MHDD0420;378;384;8732.738;24437.315;2033.885;14.06
MHDD0420;385.5;393;8736.876;24437.016;2026.754;18.16
MHDD0426;211.5;214.5;9117.538;24510.469;1870.385;20.35
MHDD0426;214.5;217.5;9118.606;24509.471;1867.765;11.34
MHDD0426;220.5;225;9121.002;24507.214;1861.872;9.63
MHDD0511;274.5;277.5;9122.859;24375.877;1883.094;14.19
MHDD0511;312;315;9134.893;24363.279;1849.887;12.95
MHDD0511;316.5;321;9136.585;24361.521;1845.239;10.24
MHDD0511;324;330;9139.233;24358.71;1837.948;14.79
MHDD0511;333;336;9141.639;24356.146;1831.323;20.27
MHDD0510;75;78;8808.773;24729.575;2029.593;18.03
MHDD0510;79.5;84;8810.76;24727.791;2025.073;7.66
MHDD0510;85.5;90;8813.026;24725.759;2019.902;11.19
MHDD0510;99;102;8817.882;24721.479;2008.917;9.2
MHDD0510;102;105;8819.033;24720.48;2006.333;13.8
MHDD0426;52.5;55.5;9061.054;24563.968;2009.049;15.81
MHDD0426;70.5;73.5;9067.508;24557.872;1993.39;38.9
MHDD0426;78;81;9070.154;24555.289;1986.865;12.02
MHDD0426;93;97.5;9075.78;24549.959;1973.154;13.79
MHDD0426;105;108;9079.791;24546.163;1963.353;13.43
MHDD0426;109.5;112.5;9081.41;24544.66;1959.432;30.78
MHDD0426;114;121.5;9083.831;24542.408;1953.547;12.8
MHDD0426;123;127.5;9086.529;24539.921;1947.007;11.13
MHDD0505;9;15;9016.245;24708.013;1982.281;9.7
MHDD0505;22.5;28.5;9021.702;24702.388;1971.289;11.68
MHDD0505;31.5;40.5;9025.951;24698.041;1962.728;11.31
MHDD0505;87;93;9048.174;24676.017;1918.718;11.66
MHDD0505;94.5;100.5;9051.265;24672.93;1912.621;12.22
MHDD0505;115.5;121.5;9060.057;24664.395;1895.567;9.74
MHDD0511;129;133.5;9075.951;24423.354;2011.529;7.89
MHDD0511;135;138;9077.702;24421.717;2006.858;11.13
MHDD0462;90;96;8865.737;24629.864;2019.274;14.13
MHDD0462;124.5;132;8875.921;24619.887;1987.036;11.68
MHDD0507;54;63;9112.566;24619.757;1968.018;12.37
MHDD0507;64.5;72;9115.829;24616.684;1959.36;13.8
MHDD0507;73.5;81;9118.809;24613.853;1951.353;14.66
MHDD0507;82.5;91.5;9121.999;24610.754;1942.677;13.83
MHDD0404;79.5;85.5;8962.819;24662.835;1984.476;10.1
MHDD0404;90;96;8968.225;24662.813;1975.474;11.09
MHDD0404;102;108;8974.406;24662.809;1965.188;13.32
MHDD0501;45;51;8889.461;24763.972;2009.553;12.51
MHDD0501;72;78;8902.971;24763.923;1986.177;9.84
MHDD0501;108;114;8920.921;24763.773;1954.972;11.23
MHDD0501;144;150;8938.76;24763.653;1923.703;11.42
MHDD0510;117;123;8825.364;24714.987;1992.121;10.96
MHDD0510;159;165;8841.403;24700.765;1956.003;9.81
MHDD0408;129;135;9030.198;24610.982;1932.982;13.15
MHDD0408;136.5;144;9033.402;24610.952;1925.379;13.58
MHDD0408;150;156;9038.347;24610.842;1913.628;10.93
MHDD0408;160.5;168;9042.71;24610.727;1903.259;13.21
MHDD0408;174;180;9047.672;24610.612;1891.515;11.61
MHDD0272;213;220.5;9031.17;24775.329;1893.778;12.99
MHDD0279;354;360;8919.965;24898.479;1913.068;10.54
MHDD0279;361.5;367.5;8924.477;24898.492;1907.077;15.79
MHDD0279;375;382.5;8933.065;24898.483;1895.706;12.67
MHDD0280;282;288;8861.711;25025.261;1986.844;14.85
MHDD0268;237;243;9002.93;24676.782;1995.881;16.31
MHDD0268;343.5;349.5;9054.275;24676.26;1902.578;11.08
MHDD0268;352.5;358.5;9058.611;24676.207;1894.692;14.93
MHDD0483;211.5;217.5;8958.668;23853.98;2158.807;14.47
MHDD0483;222;229.5;8964.426;23854.005;2149.143;12.24
MHDD0483;232.5;237;8969.034;23854.026;2141.412;10.34
MHDD0483;238.5;241.5;8971.719;23854.041;2136.9;8.77
MHDD0487;169.5;174;8847.905;23879.948;2186.562;12.59
MHDD0487;175.5;178.5;8849.716;23879.989;2181.634;15.27
MHDD0487;180;184.5;8851.529;23880.029;2176.707;9.47
MHDD0487;186;190.5;8853.603;23880.074;2171.077;8.1
MHDD0487;199.5;207;8858.792;23880.171;2157.003;10.38
MHDD0487;211.5;214.5;8862.169;23880.222;2147.857;16.09
MHDD0487;216;220.5;8863.994;23880.246;2142.935;12.12
MHDD0487;222;225;8865.826;23880.268;2138.015;11.44
MHDD0487;237;241.5;8871.337;23880.334;2123.261;16.4
MHDD0487;244.5;249;8873.95;23880.354;2116.23;14.29
MHDD0487;255;261;8877.882;23880.378;2105.69;13.04
MHDD0487;262.5;265.5;8879.989;23880.389;2100.072;15.75
MHDD0454;45;51;9291.938;24379.4;2155.181;13.65
MHDD0454;57;63;9294.915;24376.584;2143.903;13.49
MHDD0454;76.5;84;9299.854;24371.764;2124.865;13.38
MHDD0511;73.5;79.5;9057.842;24440.585;2060.239;9.44
MHDD0459;93;99;9009.193;24300.667;2149.88;22.46
MHDD0455;7.5;13.5;9243.957;24363.5;2202.451;11.03
MHDD0455;18;22.5;9247.84;24361.067;2193.845;10.18
MHDD0455;24;27;9249.977;24359.829;2189.212;26.76
MHDD0455;34.5;39;9254.505;24357.074;2179.289;25.19
MHDD0514;66;72;9285.306;24366.618;2145.205;12.3
MHDD0514;73.5;79.5;9287.55;24364.498;2138.37;11.79
MHDD0436;148.5;154.5;8694.422;24347.557;2216.346;7.22
MHDD0436;156;162;8696.823;24347.366;2209.244;8.71
MHDD0456;1.5;6;9158.636;24341.304;2215.953;22.6
MHDD0456;15;18;9162.641;24337.538;2204.449;8.46
MHDD0456;19.5;24;9164.294;24335.979;2199.716;11.67
MHDD0456;73.5;76.5;9180.982;24320.411;2151.606;12.52
MHDD0421;148.5;156;8711.615;24323.878;2216.735;10.37
MHDD0508;18;25.5;8980.373;24344.277;2215.812;16.51
MHDD0508;64.5;70.5;8997.988;24344.242;2173.589;18.09
MHDD0508;85.5;91.5;9005.987;24344.169;2154.172;12.4
MHDD0414;261;267;8692.703;24425.796;2125.253;15.66
MHDD0490;24;31.5;9140.58;24459.439;2104.53;13.67
MHDD0490;33;39;9142.913;24457.177;2096.947;9.35
MHDD0490;70.5;78;9153.77;24446.729;2061.79;14.27
MHDD0490;85.5;91.5;9157.78;24442.812;2048.688;13.64
MHDD0455;85.5;90;9274.985;24344.448;2134.321;11.16
MHDD0455;91.5;97.5;9277.718;24342.803;2128.372;13.02
MHDD0455;99;102;9280.146;24341.342;2123.084;12.73
MHDD0455;105;109.5;9282.871;24339.699;2117.131;17.9
MHDD0472;25.5;33;9368.543;24449.264;2168.679;14.3
MHDD0472;33;39;9365.747;24449.329;2162.535;12.52
MHDD0472;39;46.5;9362.958;24449.408;2156.389;15.65
MHDD0472;58.5;66;9354.964;24449.71;2138.606;9.5
MHDD0206;180;187.5;9332.63;24276.319;2178.81;28.68
MHDD0257;159;166.5;9098.067;24298.964;2181.594;15.34
MHDD0259;168;174;8890.077;24322.617;2191.164;15.85
MHDD0290;139.5;147;8624.5;24575.835;2215.167;14.84
MHDD0290;261;267;8681.934;24577.886;2108.973;23.68
MHDD0290;316.5;322.5;8708.183;24578.686;2060.08;13.41
MHDD0266;163.5;169.5;8927.776;24627.605;2044.265;12.45
MHDD0198;138;147;9162.051;24355.755;2211.839;13.49
MHDD0198;154.5;160.5;9168.711;24355.912;2198.4;10.72
MHDD0198;162;168;9172.038;24356.017;2191.679;11.02
MHDD0260;142.5;145.5;9205.956;24320.812;2201.051;19.23
MHDD0260;147;151.5;9207.503;24320.669;2196.036;21.88
MHDD0259;138;144;8880.615;24322.973;2219.631;11.97
MHDD0261A;204;210;8718.327;24370.195;2177.004;13.75
MHDD0261A;217.5;225;8724.865;24369.827;2164.347;12.31
MHDD0264;171;177;8714.106;24472.251;2192.373;10.89
MHDD0264;186;192;8721.882;24471.851;2179.553;14.25
MHDD0264;195;201;8726.587;24471.714;2171.882;14.98
